-- phpMyAdmin SQL Dump
-- version 5.2.1
-- https://www.phpmyadmin.net/
--
-- Host: 127.0.0.1
-- Generation Time: Jun 30, 2025 at 10:37 AM
-- Server version: 10.4.32-MariaDB
-- PHP Version: 8.0.30

SET SQL_MODE = "NO_AUTO_VALUE_ON_ZERO";
START TRANSACTION;
SET time_zone = "+00:00";


/*!40101 SET @OLD_CHARACTER_SET_CLIENT=@@CHARACTER_SET_CLIENT */;
/*!40101 SET @OLD_CHARACTER_SET_RESULTS=@@CHARACTER_SET_RESULTS */;
/*!40101 SET @OLD_COLLATION_CONNECTION=@@COLLATION_CONNECTION */;
/*!40101 SET NAMES utf8mb4 */;

--
-- Database: `tastyphv1`
--

-- --------------------------------------------------------

--
-- Table structure for table `admins`
--

CREATE TABLE `admins` (
  `id` int(11) NOT NULL,
  `username` varchar(100) NOT NULL,
  `password` varchar(255) NOT NULL,
  `email` varchar(100) DEFAULT NULL,
  `usertype` varchar(50) NOT NULL DEFAULT 'admin',
  `created_at` timestamp NOT NULL DEFAULT current_timestamp()
) ENGINE=InnoDB DEFAULT CHARSET=utf8mb4 COLLATE=utf8mb4_general_ci;

--
-- Dumping data for table `admins`
--

INSERT INTO `admins` (`id`, `username`, `password`, `email`, `usertype`, `created_at`) VALUES
(1, 'admin', '$2y$10$biY6vnGyZwGpOwG9f95MIuqZNTCEe7slAYttFuquxMGK6zWzbeIga', 'admin@gmail.com', 'admin', '2025-05-31 06:08:59'),
(3, 'admin123', '$2y$10$Uihyp8OvLwPrT/8mSPpu5.136qQcW7DmJxLPiav4bk/RuFKFS2yI6', 'admin1@gmail.com', 'admin', '2025-05-31 06:19:08');

-- --------------------------------------------------------

--
-- Table structure for table `campaign_clicks`
--

CREATE TABLE `campaign_clicks` (
  `click_id` int(11) NOT NULL,
  `campaign_id` int(11) NOT NULL,
  `user_id` int(11) DEFAULT NULL,
  `ip_address` varchar(45) DEFAULT NULL,
  `user_agent` text DEFAULT NULL,
  `clicked_at` datetime DEFAULT current_timestamp()
) ENGINE=InnoDB DEFAULT CHARSET=utf8mb4 COLLATE=utf8mb4_general_ci;

--
-- Dumping data for table `campaign_clicks`
--

INSERT INTO `campaign_clicks` (`click_id`, `campaign_id`, `user_id`, `ip_address`, `user_agent`, `clicked_at`) VALUES
(4, 6, 3, '::1', 'Mozilla/5.0 (Windows NT 10.0; Win64; x64) AppleWebKit/537.36 (KHTML, like Gecko) Chrome/137.0.0.0 Safari/537.36', '2025-06-25 01:22:48'),
(5, 4, 3, '::1', 'Mozilla/5.0 (Windows NT 10.0; Win64; x64) AppleWebKit/537.36 (KHTML, like Gecko) Chrome/137.0.0.0 Safari/537.36', '2025-06-25 01:24:19'),
(6, 4, 3, '::1', 'Mozilla/5.0 (Windows NT 10.0; Win64; x64) AppleWebKit/537.36 (KHTML, like Gecko) Chrome/137.0.0.0 Safari/537.36', '2025-06-25 01:26:48'),
(7, 4, 4, '::1', 'Mozilla/5.0 (Windows NT 10.0; Win64; x64) AppleWebKit/537.36 (KHTML, like Gecko) Chrome/137.0.0.0 Safari/537.36', '2025-06-25 01:27:04'),
(8, 6, 3, '::1', 'Mozilla/5.0 (Windows NT 10.0; Win64; x64) AppleWebKit/537.36 (KHTML, like Gecko) Chrome/137.0.0.0 Safari/537.36', '2025-06-25 02:30:43'),
(9, 5, 4, '::1', 'Mozilla/5.0 (Windows NT 10.0; Win64; x64) AppleWebKit/537.36 (KHTML, like Gecko) Chrome/137.0.0.0 Safari/537.36', '2025-06-25 04:05:21'),
(10, 5, 1, '::1', 'Mozilla/5.0 (Linux; Android 8.0.0; SM-G955U Build/R16NW) AppleWebKit/537.36 (KHTML, like Gecko) Chrome/137.0.0.0 Mobile Safari/537.36', '2025-06-25 04:09:53'),
(11, 4, 1, '::1', 'Mozilla/5.0 (Windows NT 10.0; Win64; x64) AppleWebKit/537.36 (KHTML, like Gecko) Chrome/137.0.0.0 Safari/537.36', '2025-06-25 15:10:18'),
(12, 6, 1, '::1', 'Mozilla/5.0 (Windows NT 10.0; Win64; x64) AppleWebKit/537.36 (KHTML, like Gecko) Chrome/137.0.0.0 Safari/537.36', '2025-06-25 15:47:31'),
(13, 5, 1, '::1', 'Mozilla/5.0 (Windows NT 10.0; Win64; x64) AppleWebKit/537.36 (KHTML, like Gecko) Chrome/137.0.0.0 Safari/537.36', '2025-06-25 15:47:37'),
(14, 4, 1, '::1', 'Mozilla/5.0 (Windows NT 10.0; Win64; x64) AppleWebKit/537.36 (KHTML, like Gecko) Chrome/137.0.0.0 Safari/537.36', '2025-06-25 15:47:42'),
(15, 5, 1, '::1', 'Mozilla/5.0 (Windows NT 10.0; Win64; x64) AppleWebKit/537.36 (KHTML, like Gecko) Chrome/137.0.0.0 Safari/537.36', '2025-06-25 16:16:13'),
(16, 5, 1, '::1', 'Mozilla/5.0 (Windows NT 10.0; Win64; x64) AppleWebKit/537.36 (KHTML, like Gecko) Chrome/137.0.0.0 Safari/537.36', '2025-06-25 16:50:05'),
(17, 5, 1, '::1', 'Mozilla/5.0 (Windows NT 10.0; Win64; x64) AppleWebKit/537.36 (KHTML, like Gecko) Chrome/137.0.0.0 Safari/537.36', '2025-06-26 15:12:55'),
(18, 4, 1, '::1', 'Mozilla/5.0 (Windows NT 10.0; Win64; x64) AppleWebKit/537.36 (KHTML, like Gecko) Chrome/137.0.0.0 Safari/537.36', '2025-06-27 15:55:07'),
(19, 6, 1, '::1', 'Mozilla/5.0 (Windows NT 10.0; Win64; x64) AppleWebKit/537.36 (KHTML, like Gecko) Chrome/137.0.0.0 Safari/537.36', '2025-06-27 15:55:13'),
(20, 5, 1, '::1', 'Mozilla/5.0 (Windows NT 10.0; Win64; x64) AppleWebKit/537.36 (KHTML, like Gecko) Chrome/137.0.0.0 Safari/537.36', '2025-06-27 15:55:22'),
(21, 7, 1, '::1', 'Mozilla/5.0 (Windows NT 10.0; Win64; x64) AppleWebKit/537.36 (KHTML, like Gecko) Chrome/138.0.0.0 Safari/537.36', '2025-06-28 02:19:09');

-- --------------------------------------------------------

--
-- Table structure for table `campaign_reach`
--

CREATE TABLE `campaign_reach` (
  `reach_id` int(11) NOT NULL,
  `campaign_id` int(11) NOT NULL,
  `user_id` int(11) DEFAULT NULL,
  `ip_address` varchar(45) DEFAULT NULL,
  `viewed_at` datetime DEFAULT current_timestamp(),
  `view_date` date GENERATED ALWAYS AS (cast(`viewed_at` as date)) STORED
) ENGINE=InnoDB DEFAULT CHARSET=utf8mb4 COLLATE=utf8mb4_general_ci;

--
-- Dumping data for table `campaign_reach`
--

INSERT INTO `campaign_reach` (`reach_id`, `campaign_id`, `user_id`, `ip_address`, `viewed_at`) VALUES
(10, 6, 4, '::1', '2025-06-25 01:10:50'),
(11, 5, 4, '::1', '2025-06-25 01:10:50'),
(12, 4, 4, '::1', '2025-06-25 01:10:50'),
(13, 6, 3, '::1', '2025-06-25 01:22:34'),
(14, 5, 3, '::1', '2025-06-25 01:22:34'),
(15, 4, 3, '::1', '2025-06-25 01:22:34'),
(79, 6, 1, '::1', '2025-06-25 02:04:42'),
(80, 5, 1, '::1', '2025-06-25 02:04:42'),
(81, 4, 1, '::1', '2025-06-25 02:04:42'),
(304, 6, 2, '::1', '2025-06-25 04:30:10'),
(305, 5, 2, '::1', '2025-06-25 04:30:10'),
(306, 4, 2, '::1', '2025-06-25 04:30:10'),
(446, 6, 1, '::1', '2025-06-26 15:12:02'),
(447, 5, 1, '::1', '2025-06-26 15:12:02'),
(448, 4, 1, '::1', '2025-06-26 15:12:02'),
(461, 6, 1, '::1', '2025-06-27 15:54:51'),
(462, 5, 1, '::1', '2025-06-27 15:54:51'),
(463, 4, 1, '::1', '2025-06-27 15:54:51'),
(476, 6, 6, '::1', '2025-06-27 15:57:11'),
(477, 5, 6, '::1', '2025-06-27 15:57:11'),
(478, 4, 6, '::1', '2025-06-27 15:57:11'),
(509, 7, 1, '::1', '2025-06-27 16:46:01'),
(528, 7, 1, '::1', '2025-06-28 01:14:13'),
(529, 6, 1, '::1', '2025-06-28 01:14:13'),
(530, 5, 1, '::1', '2025-06-28 01:14:13'),
(531, 4, 1, '::1', '2025-06-28 01:14:13'),
(604, 6, 1, '::1', '2025-06-30 14:32:27'),
(605, 5, 1, '::1', '2025-06-30 14:32:27'),
(606, 4, 1, '::1', '2025-06-30 14:32:27');

-- --------------------------------------------------------

--
-- Table structure for table `campaign_requests`
--

CREATE TABLE `campaign_requests` (
  `campaign_id` int(11) NOT NULL,
  `user_type` enum('seller','supplier') NOT NULL,
  `user_id` int(11) NOT NULL,
  `title` varchar(100) NOT NULL,
  `description` text DEFAULT NULL,
  `banner_image` varchar(255) NOT NULL,
  `start_date` date NOT NULL,
  `end_date` date NOT NULL,
  `status` enum('pending','approved','rejected','expired') DEFAULT 'pending',
  `admin_feedback` text DEFAULT NULL,
  `fee_paid` decimal(10,2) DEFAULT 0.00,
  `payment_status` enum('unpaid','paid','failed','refunded') DEFAULT 'unpaid',
  `payment_method` varchar(50) DEFAULT NULL,
  `paid_at` datetime DEFAULT NULL,
  `created_at` timestamp NOT NULL DEFAULT current_timestamp()
) ENGINE=InnoDB DEFAULT CHARSET=utf8mb4 COLLATE=utf8mb4_general_ci;

--
-- Dumping data for table `campaign_requests`
--

INSERT INTO `campaign_requests` (`campaign_id`, `user_type`, `user_id`, `title`, `description`, `banner_image`, `start_date`, `end_date`, `status`, `admin_feedback`, `fee_paid`, `payment_status`, `payment_method`, `paid_at`, `created_at`) VALUES
(4, 'seller', 3, 'Visit Miki\'s Kakanin', '', 'uploads/campaigns/banner_685ac48fe59586.46336310.png', '2025-06-24', '2025-07-01', 'approved', NULL, 0.00, 'unpaid', NULL, NULL, '2025-06-24 15:30:23'),
(5, 'seller', 1, 'Delicious kakanin', '', 'uploads/campaigns/banner_685ac73a45eb29.67489880.png', '2025-06-24', '2025-07-01', 'approved', NULL, 0.00, 'unpaid', NULL, NULL, '2025-06-24 15:41:46'),
(6, 'seller', 4, 'Doll\'s Favorite Kakanin', 'visit!!!', 'uploads/campaigns/banner_685ac80ab5d034.32190593.png', '2025-06-24', '2025-07-01', 'approved', NULL, 0.00, 'unpaid', NULL, NULL, '2025-06-24 15:45:14'),
(7, 'seller', 1, 'Attack in titan', 'aot', 'uploads/campaigns/banner_685e5a273f0f64.39894868.jpg', '2025-06-27', '2025-06-28', 'approved', NULL, 0.00, 'unpaid', NULL, NULL, '2025-06-27 08:45:27');

-- --------------------------------------------------------

--
-- Table structure for table `cart`
--

CREATE TABLE `cart` (
  `cart_id` int(11) NOT NULL,
  `user_id` int(11) NOT NULL,
  `product_id` int(11) DEFAULT NULL,
  `ingredient_id` int(11) DEFAULT NULL,
  `variant_id` int(11) DEFAULT NULL,
  `unit_price` decimal(10,2) NOT NULL,
  `quantity` int(11) NOT NULL DEFAULT 1,
  `total_price` decimal(10,2) NOT NULL,
  `added_at` timestamp NOT NULL DEFAULT current_timestamp(),
  `status` enum('active','saved','ordered') DEFAULT 'active'
) ENGINE=InnoDB DEFAULT CHARSET=utf8mb4 COLLATE=utf8mb4_general_ci;

--
-- Dumping data for table `cart`
--

INSERT INTO `cart` (`cart_id`, `user_id`, `product_id`, `ingredient_id`, `variant_id`, `unit_price`, `quantity`, `total_price`, `added_at`, `status`) VALUES
(110, 1, 5, NULL, NULL, 6.00, 1, 6.00, '2025-06-30 07:35:05', 'active');

-- --------------------------------------------------------

--
-- Table structure for table `categories`
--

CREATE TABLE `categories` (
  `category_id` int(11) NOT NULL,
  `supplier_id` int(11) DEFAULT NULL,
  `seller_id` int(11) DEFAULT NULL,
  `name` varchar(100) NOT NULL,
  `slug` varchar(100) DEFAULT NULL,
  `description` text DEFAULT NULL,
  `image_url` varchar(255) DEFAULT NULL,
  `is_active` tinyint(1) DEFAULT 1,
  `created_at` datetime DEFAULT current_timestamp(),
  `updated_at` datetime DEFAULT current_timestamp() ON UPDATE current_timestamp()
) ENGINE=InnoDB DEFAULT CHARSET=utf8mb4 COLLATE=utf8mb4_general_ci;

--
-- Dumping data for table `categories`
--

INSERT INTO `categories` (`category_id`, `supplier_id`, `seller_id`, `name`, `slug`, `description`, `image_url`, `is_active`, `created_at`, `updated_at`) VALUES
(4, 1, NULL, 'Sugar', 'sugar', 'all kinds of sugar', 'uploads/categories/category_2_1748798840.jpg', 1, '2025-06-02 01:27:20', '2025-06-02 01:27:20'),
(5, 1, NULL, 'Egg', 'egg', 'all kinds of egg', 'uploads/categories/category_2_1748799380.jpg', 1, '2025-06-02 01:36:20', '2025-06-02 01:36:20'),
(9, 1, NULL, 'Rice Flour', 'Rice Flour', 'All kinds of Rice Flour', 'uploads/categories/category_2_1748799484.jpg', 1, '2025-06-02 01:38:04', '2025-06-02 01:38:04'),
(12, 1, NULL, 'Salt', 'Salt', 'All kinds of Salt', 'uploads/categories/category_2_1748799688.jpg', 1, '2025-06-02 01:41:28', '2025-06-02 01:41:28'),
(13, 1, NULL, 'Baking Powder', 'Baking Powder', 'All kinds of Baking Powder', 'uploads/categories/category_2_1748800065.jpg', 1, '2025-06-02 01:47:45', '2025-06-02 01:47:45'),
(14, 1, NULL, 'Butter', 'Butter', 'All kinds of Butter', 'uploads/categories/category_2_1748800180.jpg', 1, '2025-06-02 01:49:40', '2025-06-02 01:49:40'),
(15, 1, NULL, 'Fresh Milk', 'Fresh Milk', 'All kinds of Fresh Milk', 'uploads/categories/category_2_1748800261.jpg', 1, '2025-06-02 01:51:01', '2025-06-02 01:51:01'),
(16, 1, NULL, 'Cheese', 'Cheese', 'All kinds of Cheese', 'uploads/categories/category_2_1748800427.jpg', 1, '2025-06-02 01:53:47', '2025-06-02 01:53:47'),
(17, 1, NULL, 'Coconut Milk', 'Coconut Milk', 'All kinds of Coconut Milk', 'uploads/categories/category_2_1748800548.jpg', 1, '2025-06-02 01:55:48', '2025-06-02 01:55:48'),
(18, 1, NULL, 'Grated Coconut', 'Grated Coconut', 'All kinds of Grated Coconut', 'uploads/categories/category_2_1748800684.jpg', 1, '2025-06-02 01:58:04', '2025-06-02 01:58:04'),
(19, 1, NULL, 'Banana Leaves', 'Banana Leaves', 'All kinds of Banana Leaves', 'uploads/categories/category_2_1748800768.jpg', 1, '2025-06-02 01:59:28', '2025-06-02 01:59:28'),
(20, 2, NULL, 'Asin tibouk', 'asin', 'Very Rare Ingredient of asin', 'uploads/categories/category_6_1749740553.jpg', 1, '2025-06-12 23:02:33', '2025-06-12 23:02:33'),
(21, 2, NULL, 'Banana', 'Banana', 'banana', 'uploads/categories/category_6_1750606893.jpg', 1, '2025-06-22 23:41:33', '2025-06-22 23:41:33'),
(22, 2, NULL, 'Jackfruit', 'Jackfruit', 'Jackfruit', 'uploads/categories/category_6_1750607069.jpg', 1, '2025-06-22 23:44:29', '2025-06-22 23:44:29'),
(34, 2, NULL, 'Sugar', 'sugar', 'sugarr', 'uploads/categories/category_6_1750608124.jpg', 1, '2025-06-23 00:02:04', '2025-06-23 00:02:04'),
(35, 2, NULL, 'Lumpia Wrapper', 'Lumpia Wrapper', 'Lumpia Wrapper', 'uploads/categories/category_6_1750608211.jpg', 1, '2025-06-23 00:03:31', '2025-06-23 00:03:31'),
(36, 2, NULL, 'oil', 'oil', 'oil', 'uploads/categories/category_6_1750608349.jpg', 1, '2025-06-23 00:05:49', '2025-06-23 00:05:49'),
(37, 2, NULL, 'salt', 'Salt', 'salt', 'uploads/categories/category_6_1750620294.jpg', 1, '2025-06-23 03:24:54', '2025-06-23 03:24:54'),
(45, NULL, 4, 'Turon Specials', 'Turon Specials', 'Turon Specials', 'uploads/categories/category_1_1750662409.jpg', 1, '2025-06-23 15:06:49', '2025-06-23 15:06:49'),
(46, 2, NULL, 'Milk', 'Milk', 'Milk', 'uploads/categories/category_6_1750772189.jpg', 1, '2025-06-24 21:36:29', '2025-06-24 21:36:29');

-- --------------------------------------------------------

--
-- Table structure for table `cooking_history`
--

CREATE TABLE `cooking_history` (
  `history_id` int(11) NOT NULL,
  `product_id` int(11) NOT NULL,
  `user_id` int(11) NOT NULL,
  `stock_created` int(11) DEFAULT 0,
  `notes` text DEFAULT NULL,
  `created_at` datetime DEFAULT current_timestamp()
) ENGINE=InnoDB DEFAULT CHARSET=utf8mb4 COLLATE=utf8mb4_general_ci;

--
-- Dumping data for table `cooking_history`
--

INSERT INTO `cooking_history` (`history_id`, `product_id`, `user_id`, `stock_created`, `notes`, `created_at`) VALUES
(1, 5, 1, 6, 'Cooked product via kitchen inventory.', '2025-06-23 20:49:18'),
(17, 21, 1, 30, 'Cooked product via kitchen inventory.', '2025-06-24 00:24:51'),
(38, 42, 1, 6, 'Cooked product via kitchen inventory.', '2025-06-27 16:04:45');

-- --------------------------------------------------------

--
-- Table structure for table `cooking_history_ingredients`
--

CREATE TABLE `cooking_history_ingredients` (
  `id` int(11) NOT NULL,
  `history_id` int(11) NOT NULL,
  `ingredient_id` int(11) NOT NULL,
  `ingredient_name` varchar(255) NOT NULL,
  `quantity_used` decimal(10,2) NOT NULL,
  `unit_type` varchar(50) NOT NULL
) ENGINE=InnoDB DEFAULT CHARSET=utf8mb4 COLLATE=utf8mb4_general_ci;

--
-- Dumping data for table `cooking_history_ingredients`
--

INSERT INTO `cooking_history_ingredients` (`id`, `history_id`, `ingredient_id`, `ingredient_name`, `quantity_used`, `unit_type`) VALUES
(1, 1, 12, 'Sugar', 300.00, 'g'),
(2, 1, 9, 'Banana', 6.00, 'pcs'),
(3, 1, 10, 'Jackfruit', 150.00, 'g'),
(4, 1, 11, 'Lumpia Wrapper', 6.00, 'pcs'),
(5, 1, 13, 'Oil', 480.00, 'ml'),
(15, 17, 9, 'Banana', 6.00, 'pcs'),
(16, 17, 10, 'Jackfruit', 150.00, 'g'),
(17, 17, 12, 'Sugar', 300.00, 'g'),
(18, 17, 13, 'Oil', 480.00, 'ml'),
(19, 17, 11, 'Lumpia Wrapper', 6.00, 'pcs'),
(21, 38, 12, 'Sugar', 100.00, 'g'),
(22, 38, 9, 'Banana', 6.00, 'pcs'),
(23, 38, 10, 'Jackfruit', 260.00, 'g'),
(24, 38, 11, 'Lumpia Wrapper', 6.00, 'pcs'),
(25, 38, 13, 'Oil', 40.00, 'ml');

-- --------------------------------------------------------

--
-- Table structure for table `ingredients`
--

CREATE TABLE `ingredients` (
  `ingredient_id` int(11) NOT NULL,
  `supplier_id` int(11) NOT NULL,
  `category_id` int(11) DEFAULT NULL,
  `ingredient_name` varchar(150) NOT NULL,
  `slug` varchar(150) DEFAULT NULL,
  `description` text DEFAULT NULL,
  `image_url` varchar(255) DEFAULT NULL,
  `price` decimal(10,2) NOT NULL DEFAULT 0.00,
  `discount_price` decimal(10,2) DEFAULT NULL,
  `stock` int(11) DEFAULT 0,
  `quantity_value` decimal(10,2) NOT NULL,
  `unit_type` enum('g','kg','ml','l','pcs','pack','bottle','can') NOT NULL,
  `is_active` tinyint(1) DEFAULT 1,
  `rating` decimal(3,2) DEFAULT 0.00,
  `created_at` datetime DEFAULT current_timestamp(),
  `updated_at` datetime DEFAULT current_timestamp() ON UPDATE current_timestamp()
) ENGINE=InnoDB DEFAULT CHARSET=utf8mb4 COLLATE=utf8mb4_general_ci;

--
-- Dumping data for table `ingredients`
--

INSERT INTO `ingredients` (`ingredient_id`, `supplier_id`, `category_id`, `ingredient_name`, `slug`, `description`, `image_url`, `price`, `discount_price`, `stock`, `quantity_value`, `unit_type`, `is_active`, `rating`, `created_at`, `updated_at`) VALUES
(1, 1, 17, 'Coconut Milk', 'coconut-milk', 'Coconut Milk', 'uploads/ingredients/ingredient_1_1748803467.jpg', 50.00, NULL, 31, 165.00, 'ml', 1, 0.00, '2025-06-02 02:44:27', '2025-06-03 00:32:32'),
(3, 1, 16, 'Cheese', 'cheese', 'Cheese', 'uploads/ingredients/ingredient_1_1748812131.jpg', 222.00, NULL, 125, 430.00, 'g', 1, 0.00, '2025-06-02 05:08:51', '2025-06-03 00:28:01'),
(4, 1, 16, 'Cheeser', 'cheeser', 'asd', 'uploads/ingredients/ingredient_1_1748887868.jpg', 240.00, NULL, 222, 250.00, 'g', 1, 0.00, '2025-06-03 02:11:08', '2025-06-03 02:11:08'),
(5, 1, 16, 'Cow Cheese', 'cow-cheese', 'asd', 'uploads/ingredients/ingredient_1_1748887969.jpg', 250.00, NULL, 222, 1000.00, 'l', 1, 0.00, '2025-06-03 02:12:49', '2025-06-03 02:12:49'),
(6, 1, 16, 'American Cheese', 'american-cheese', 'asd', 'uploads/ingredients/ingredient_1_1748888022.jpg', 200.00, NULL, 222, 500.00, 'ml', 1, 0.00, '2025-06-03 02:13:42', '2025-06-03 02:13:42'),
(7, 1, 16, 'Aussie Cheese', 'aussie-cheese', 'asd', 'uploads/ingredients/ingredient_1_1748888095.jpg', 266.00, NULL, 123, 250.00, 'pcs', 1, 0.00, '2025-06-03 02:14:55', '2025-06-03 02:14:55'),
(8, 2, 20, 'Asin Tibouk', 'asin-tibouk', 'Very rare ingredient', 'uploads/ingredients/ingredient_2_1749740613.jpg', 800.00, NULL, 40, 220.00, 'g', 1, 0.00, '2025-06-12 23:03:33', '2025-06-12 23:03:33'),
(9, 2, 21, 'Banana', 'banana', 'Banana', 'uploads/ingredients/ingredient_2_1750606954.jpg', 44.00, NULL, 50, 12.00, 'pcs', 1, 0.00, '2025-06-22 23:42:34', '2025-06-22 23:42:34'),
(10, 2, 22, 'Jackfruit', 'jackfruit', 'Jackfruit 12 kg', 'uploads/ingredients/ingredient_2_1750607182.jpg', 480.00, NULL, 50, 11400.00, 'g', 1, 0.00, '2025-06-22 23:46:22', '2025-06-22 23:46:22'),
(11, 2, 35, 'Lumpia Wrapper', 'lumpia-wrapper', 'Lumpia Wrapper', 'uploads/ingredients/ingredient_2_1750608245.jpg', 52.00, NULL, 60, 30.00, 'pcs', 1, 0.00, '2025-06-23 00:04:05', '2025-06-23 00:04:05'),
(12, 2, 34, 'Sugar', 'sugar', 'sugarr 1kg', 'uploads/ingredients/ingredient_2_1750608287.jpg', 116.00, NULL, 50, 1000.00, 'g', 1, 0.00, '2025-06-23 00:04:47', '2025-06-23 00:04:47'),
(13, 2, 36, 'Oil', 'oil', 'Oil 1kg', 'uploads/ingredients/ingredient_2_1750608386.jpg', 150.00, NULL, 50, 1000.00, 'ml', 1, 0.00, '2025-06-23 00:06:26', '2025-06-23 00:06:26'),
(14, 2, 46, 'Milk', 'milk', 'Milk', 'uploads/ingredients/ingredient_2_1750772216.jpg', 150.00, NULL, 30, 1000.00, 'ml', 1, 0.00, '2025-06-24 21:36:56', '2025-06-24 21:36:56');

-- --------------------------------------------------------

--
-- Table structure for table `ingredients_inventory`
--

CREATE TABLE `ingredients_inventory` (
  `inventory_id` int(11) NOT NULL,
  `ingredient_id` int(11) NOT NULL,
  `ingredient_name` varchar(150) DEFAULT NULL,
  `quantity` decimal(10,2) DEFAULT NULL,
  `quantity_value` decimal(10,2) DEFAULT NULL,
  `unit_type` enum('g','kg','ml','l','pcs','pack','bottle','can') DEFAULT NULL,
  `supplier_id` int(11) DEFAULT NULL,
  `variant_id` int(11) DEFAULT NULL,
  `user_id` int(11) DEFAULT NULL,
  `created_at` datetime DEFAULT current_timestamp(),
  `updated_at` datetime DEFAULT current_timestamp() ON UPDATE current_timestamp()
) ENGINE=InnoDB DEFAULT CHARSET=utf8mb4 COLLATE=utf8mb4_general_ci;

--
-- Dumping data for table `ingredients_inventory`
--

INSERT INTO `ingredients_inventory` (`inventory_id`, `ingredient_id`, `ingredient_name`, `quantity`, `quantity_value`, `unit_type`, `supplier_id`, `variant_id`, `user_id`, `created_at`, `updated_at`) VALUES
(58, 12, 'Sugar', 1.00, 1100.00, 'g', 2, NULL, 1, '2025-06-23 03:26:20', '2025-06-25 03:15:40'),
(59, 6, 'American Cheese', 1.00, 500.00, 'ml', 1, NULL, 1, '2025-06-25 16:25:11', '2025-06-25 16:25:11');

-- --------------------------------------------------------

--
-- Table structure for table `ingredient_variants`
--

CREATE TABLE `ingredient_variants` (
  `variant_id` int(11) NOT NULL,
  `ingredient_id` int(11) NOT NULL,
  `supplier_id` int(11) NOT NULL,
  `variant_name` varchar(150) DEFAULT NULL,
  `price` decimal(10,2) NOT NULL DEFAULT 0.00,
  `discount_price` decimal(10,2) DEFAULT NULL,
  `stock` int(11) DEFAULT 0,
  `quantity_value` decimal(10,2) NOT NULL,
  `unit_type` enum('g','kg','ml','l','pcs','pack','bottle','can') NOT NULL,
  `image_url` varchar(255) DEFAULT NULL,
  `is_active` tinyint(1) DEFAULT 1,
  `rating` decimal(3,2) DEFAULT 0.00,
  `created_at` datetime DEFAULT current_timestamp(),
  `updated_at` datetime DEFAULT current_timestamp() ON UPDATE current_timestamp()
) ENGINE=InnoDB DEFAULT CHARSET=utf8mb4 COLLATE=utf8mb4_general_ci;

--
-- Dumping data for table `ingredient_variants`
--

INSERT INTO `ingredient_variants` (`variant_id`, `ingredient_id`, `supplier_id`, `variant_name`, `price`, `discount_price`, `stock`, `quantity_value`, `unit_type`, `image_url`, `is_active`, `rating`, `created_at`, `updated_at`) VALUES
(1, 1, 1, '213', 123.00, 123.00, 123, 123.00, 'kg', 'uploads/variants/variant_1_1748809709.jpg', 1, 0.00, '2025-06-02 04:28:29', '2025-06-02 04:28:29'),
(2, 1, 1, '123', 213.00, 123.00, 123, 123.00, 'g', 'uploads/variants/variant_1_1748812068.jpg', 1, 0.00, '2025-06-02 05:07:48', '2025-06-02 05:07:48'),
(3, 13, 2, 'Oil', 100.00, 99.00, 50, 500.00, 'g', 'uploads/variants/variant_2_1750614570.jpg', 1, 0.00, '2025-06-23 01:49:30', '2025-06-23 01:49:30');

-- --------------------------------------------------------

--
-- Table structure for table `kakanin_dataset`
--

CREATE TABLE `kakanin_dataset` (
  `id` int(11) NOT NULL,
  `recipe_title` varchar(255) NOT NULL,
  `steps` text DEFAULT NULL,
  `servings` int(11) DEFAULT NULL,
  `prep_time` varchar(50) DEFAULT NULL,
  `cook_time` varchar(50) DEFAULT NULL,
  `notes` text DEFAULT NULL,
  `created_at` datetime DEFAULT current_timestamp()
) ENGINE=InnoDB DEFAULT CHARSET=utf8mb4 COLLATE=utf8mb4_general_ci;

--
-- Dumping data for table `kakanin_dataset`
--

INSERT INTO `kakanin_dataset` (`id`, `recipe_title`, `steps`, `servings`, `prep_time`, `cook_time`, `notes`, `created_at`) VALUES
(1, 'Turon', '1. Coat banana with sugar. 2. Wrap in lumpia wrapper with jackfruit. 3. Fry in oil until golden.', 6, '10 minutes', '15 minutes', 'Sweet banana rolls wrapped and fried until golden.', '2025-06-28 02:11:23'),
(2, 'Sapin-Sapin', '1. Mix ingredients per layer. 2. Steam layer by layer. 3. Top with latik.', 8, '20 minutes', '30 minutes', 'Layered sticky rice cake flavored with ube and jackfruit.', '2025-06-28 02:11:23'),
(3, 'Bibingka', '1. Mix batter. 2. Pour into banana leaf-lined mold. 3. Top with cheese and egg. 4. Bake.', 6, '15 minutes', '25 minutes', 'Traditional rice cake baked in banana leaf, topped with salted egg and cheese.', '2025-06-28 02:11:23'),
(4, 'Puto', '1. Mix all ingredients. 2. Pour into molds. 3. Steam until cooked.', 10, '10 minutes', '20 minutes', 'Steamed rice cake usually served with cheese on top.', '2025-06-28 02:11:23'),
(5, 'Kutsinta', '1. Mix ingredients. 2. Pour into molds. 3. Steam until set.', 10, '15 minutes', '30 minutes', 'Sticky rice cake with a jelly-like texture, often served with grated coconut.', '2025-06-28 02:11:24'),
(6, 'Palitaw', '1. Form dough balls. 2. Boil until they float. 3. Roll in coconut and sugar mixture.', 8, '10 minutes', '10 minutes', 'Flat rice cake boiled and coated in coconut and sugar.', '2025-06-28 02:11:24'),
(7, 'Biko', '1. Cook rice. 2. Simmer with coconut milk and sugar. 3. Top with latik.', 6, '15 minutes', '40 minutes', 'Sticky sweet rice cake topped with coconut curds (latik).', '2025-06-28 02:11:24'),
(8, 'Maja Blanca', '1. Boil ingredients. 2. Pour into tray. 3. Chill until set.', 6, '10 minutes', '20 minutes', 'Coconut pudding dessert with corn kernels.', '2025-06-28 02:11:24'),
(9, 'Cassava Cake', '1. Mix all ingredients. 2. Bake until top is golden.', 6, '20 minutes', '40 minutes', 'Sweet, soft, and chewy cassava-based cake.', '2025-06-28 02:11:24'),
(10, 'Suman', '1. Mix rice and coconut milk. 2. Wrap in banana leaves. 3. Steam until cooked.', 6, '30 minutes', '60 minutes', 'Rice and coconut wrapped in banana leaf and steamed.', '2025-06-28 02:11:24');

-- --------------------------------------------------------

--
-- Table structure for table `kakanin_ingredients`
--

CREATE TABLE `kakanin_ingredients` (
  `id` int(11) NOT NULL,
  `recipe_id` int(11) NOT NULL,
  `ingredient_name` varchar(255) NOT NULL,
  `quantity_value` decimal(10,2) DEFAULT NULL,
  `unit_type` varchar(50) DEFAULT NULL
) ENGINE=InnoDB DEFAULT CHARSET=utf8mb4 COLLATE=utf8mb4_general_ci;

--
-- Dumping data for table `kakanin_ingredients`
--

INSERT INTO `kakanin_ingredients` (`id`, `recipe_id`, `ingredient_name`, `quantity_value`, `unit_type`) VALUES
(1, 1, 'Banana', 6.00, 'pcs'),
(2, 1, 'Sugar', 300.00, 'g'),
(3, 1, 'Jackfruit', 150.00, 'g'),
(4, 1, 'Lumpia Wrapper', 6.00, 'pcs'),
(5, 1, 'Oil', 480.00, 'ml'),
(6, 2, 'Glutinous Rice Flour', 240.00, 'g'),
(7, 2, 'Coconut Milk', 960.00, 'ml'),
(8, 2, 'Sugar', 200.00, 'g'),
(9, 2, 'Ube', 150.00, 'g'),
(10, 2, 'Jackfruit', 75.00, 'g'),
(11, 2, 'Food Coloring', 2.00, 'ml'),
(12, 3, 'Rice Flour', 250.00, 'g'),
(13, 3, 'Coconut Milk', 400.00, 'ml'),
(14, 3, 'Sugar', 100.00, 'g'),
(15, 3, 'Salted Egg', 1.00, 'pc'),
(16, 3, 'Cheese', 50.00, 'g'),
(17, 3, 'Banana Leaf', 1.00, 'pc'),
(18, 4, 'Rice Flour', 200.00, 'g'),
(19, 4, 'Sugar', 100.00, 'g'),
(20, 4, 'Baking Powder', 10.00, 'g'),
(21, 4, 'Milk', 150.00, 'ml'),
(22, 4, 'Cheese', 50.00, 'g'),
(23, 5, 'Tapioca Flour', 200.00, 'g'),
(24, 5, 'Brown Sugar', 150.00, 'g'),
(25, 5, 'Lye Water', 5.00, 'ml'),
(26, 5, 'Annatto', 2.00, 'ml'),
(27, 6, 'Glutinous Rice Flour', 200.00, 'g'),
(28, 6, 'Water', 100.00, 'ml'),
(29, 6, 'Sugar', 50.00, 'g'),
(30, 6, 'Sesame Seeds', 30.00, 'g'),
(31, 6, 'Coconut', 100.00, 'g'),
(32, 7, 'Sticky Rice', 300.00, 'g'),
(33, 7, 'Coconut Milk', 400.00, 'ml'),
(34, 7, 'Brown Sugar', 150.00, 'g'),
(35, 7, 'Latik', 50.00, 'g'),
(36, 8, 'Coconut Milk', 400.00, 'ml'),
(37, 8, 'Cornstarch', 100.00, 'g'),
(38, 8, 'Sugar', 100.00, 'g'),
(39, 8, 'Corn', 100.00, 'g'),
(40, 8, 'Milk', 100.00, 'ml'),
(41, 9, 'Grated Cassava', 400.00, 'g'),
(42, 9, 'Coconut Milk', 300.00, 'ml'),
(43, 9, 'Sugar', 100.00, 'g'),
(44, 9, 'Egg', 1.00, 'pc'),
(45, 9, 'Condensed Milk', 200.00, 'ml'),
(46, 10, 'Glutinous Rice', 250.00, 'g'),
(47, 10, 'Coconut Milk', 300.00, 'ml'),
(48, 10, 'Salt', 2.00, 'g'),
(49, 10, 'Banana Leaf', 2.00, 'pcs');

-- --------------------------------------------------------

--
-- Table structure for table `kitchen_inventory`
--

CREATE TABLE `kitchen_inventory` (
  `kitchen_inventory_id` int(11) NOT NULL,
  `ingredient_id` int(11) NOT NULL,
  `ingredient_name` varchar(255) NOT NULL,
  `quantity` decimal(10,2) NOT NULL,
  `quantity_value` decimal(10,2) NOT NULL,
  `unit_type` varchar(50) NOT NULL,
  `supplier_id` int(11) NOT NULL,
  `variant_id` int(11) DEFAULT NULL,
  `user_id` int(11) NOT NULL,
  `created_at` timestamp NOT NULL DEFAULT current_timestamp(),
  `updated_at` timestamp NOT NULL DEFAULT current_timestamp() ON UPDATE current_timestamp()
) ENGINE=InnoDB DEFAULT CHARSET=utf8mb4 COLLATE=utf8mb4_general_ci;

--
-- Dumping data for table `kitchen_inventory`
--

INSERT INTO `kitchen_inventory` (`kitchen_inventory_id`, `ingredient_id`, `ingredient_name`, `quantity`, `quantity_value`, `unit_type`, `supplier_id`, `variant_id`, `user_id`, `created_at`, `updated_at`) VALUES
(68, 12, 'Sugar', 3.90, 1958.00, 'g', 2, NULL, 1, '2025-06-22 19:12:50', '2025-06-27 08:04:45'),
(69, 9, 'Banana', 5.09, 16.00, 'pcs', 2, NULL, 1, '2025-06-22 19:28:33', '2025-06-30 07:28:36'),
(70, 10, 'Jackfruit', 3.01, 33190.00, 'g', 2, NULL, 1, '2025-06-22 20:06:49', '2025-06-27 08:04:45'),
(71, 11, 'Lumpia Wrapper', 2.98, 54.00, 'pcs', 2, NULL, 1, '2025-06-22 20:10:30', '2025-06-27 08:04:45'),
(72, 13, 'Oil', 3.00, 560.00, 'ml', 2, NULL, 1, '2025-06-22 20:13:07', '2025-06-27 08:04:45');

-- --------------------------------------------------------

--
-- Table structure for table `messages`
--

CREATE TABLE `messages` (
  `message_id` int(11) NOT NULL,
  `sender_id` int(11) NOT NULL,
  `receiver_id` int(11) NOT NULL,
  `message_text` text DEFAULT NULL,
  `image_url` varchar(255) DEFAULT NULL,
  `reply_to` int(11) DEFAULT NULL,
  `pinned` tinyint(1) DEFAULT 0,
  `is_read` tinyint(1) DEFAULT 0,
  `sent_at` datetime DEFAULT current_timestamp(),
  `deleted_at` datetime DEFAULT NULL
) ENGINE=InnoDB DEFAULT CHARSET=utf8mb4 COLLATE=utf8mb4_general_ci;

--
-- Dumping data for table `messages`
--

INSERT INTO `messages` (`message_id`, `sender_id`, `receiver_id`, `message_text`, `image_url`, `reply_to`, `pinned`, `is_read`, `sent_at`, `deleted_at`) VALUES
(169, 1, 3, 'hi', NULL, NULL, 0, 1, '2025-06-09 15:39:28', NULL),
(170, 1, 2, 'hi', NULL, NULL, 0, 1, '2025-06-09 15:40:04', NULL),
(171, 2, 3, 'hi', NULL, NULL, 0, 1, '2025-06-11 19:23:38', NULL),
(172, 2, 3, 'sa', NULL, NULL, 0, 1, '2025-06-11 19:23:42', NULL),
(173, 2, 1, 's', NULL, NULL, 0, 1, '2025-06-11 19:23:46', NULL),
(174, 2, 1, 'did you received it?', NULL, NULL, 0, 1, '2025-06-11 22:16:35', NULL),
(175, 1, 2, 'yurr', NULL, NULL, 0, 1, '2025-06-11 22:16:42', NULL),
(176, 2, 1, 'd', NULL, NULL, 0, 1, '2025-06-11 22:16:51', NULL),
(177, 1, 19, 'im out of stock rn but are u still available to wait for 2 days?', NULL, NULL, 0, 1, '2025-06-20 11:58:37', NULL),
(178, 3, 1, 'HII I WANTED TO SEE YOU COME HERE IN CEBU', NULL, NULL, 0, 1, '2025-06-23 23:26:04', NULL),
(179, 1, 3, 'WAIT FR?', NULL, NULL, 0, 1, '2025-06-23 23:26:20', NULL),
(180, 3, 1, 'YEAH', NULL, NULL, 0, 1, '2025-06-23 23:26:26', NULL),
(181, 4, 1, 'hi', NULL, NULL, 0, 1, '2025-06-25 01:44:15', NULL),
(182, 2, 1, 'asdsa', NULL, NULL, 0, 1, '2025-06-25 16:22:57', NULL),
(183, 1, 2, 'hi', NULL, NULL, 0, 1, '2025-06-25 16:23:05', NULL);

-- --------------------------------------------------------

--
-- Table structure for table `notifications`
--

CREATE TABLE `notifications` (
  `notification_id` int(11) NOT NULL,
  `sender_id` int(11) DEFAULT NULL,
  `receiver_id` int(11) NOT NULL,
  `message` text NOT NULL,
  `is_read` tinyint(1) DEFAULT 0,
  `created_at` datetime DEFAULT current_timestamp()
) ENGINE=InnoDB DEFAULT CHARSET=utf8mb4 COLLATE=utf8mb4_general_ci;

--
-- Dumping data for table `notifications`
--

INSERT INTO `notifications` (`notification_id`, `sender_id`, `receiver_id`, `message`, `is_read`, `created_at`) VALUES
(2, NULL, 1, 'Your seller application was submitted successfully.', 1, '2025-05-31 19:25:51'),
(3, NULL, 2, 'Your supplier application was submitted successfully.', 1, '2025-05-31 21:42:54'),
(4, NULL, 3, 'Your seller application was submitted successfully.', 1, '2025-06-01 23:12:56'),
(5, NULL, 4, 'Your seller application was submitted successfully.', 0, '2025-06-12 22:50:06'),
(6, NULL, 6, 'Your supplier application was submitted successfully.', 0, '2025-06-12 22:58:10');

-- --------------------------------------------------------

--
-- Table structure for table `orders`
--

CREATE TABLE `orders` (
  `order_id` int(11) NOT NULL,
  `user_id` int(11) NOT NULL,
  `supplier_id` int(11) DEFAULT NULL,
  `seller_id` int(11) DEFAULT NULL,
  `payment_method` varchar(50) DEFAULT NULL,
  `payment_proof` varchar(255) DEFAULT NULL,
  `total_price` decimal(10,2) NOT NULL,
  `order_date` datetime DEFAULT current_timestamp(),
  `status` enum('pending','processing','shipped','delivered','cancelled') DEFAULT 'pending',
  `confirmed` tinyint(1) DEFAULT 0
) ENGINE=InnoDB DEFAULT CHARSET=utf8mb4 COLLATE=utf8mb4_general_ci;

--
-- Dumping data for table `orders`
--

INSERT INTO `orders` (`order_id`, `user_id`, `supplier_id`, `seller_id`, `payment_method`, `payment_proof`, `total_price`, `order_date`, `status`, `confirmed`) VALUES
(1, 1, 1, NULL, 'cash', NULL, 200.00, '2025-06-09 02:04:36', 'delivered', 0),
(2, 1, 1, NULL, 'cash', NULL, 1790.00, '2025-06-09 02:05:09', 'delivered', 0),
(3, 3, 1, NULL, 'cash', NULL, 40000.00, '2025-06-09 02:07:21', 'cancelled', 0),
(4, 1, 1, NULL, 'cash', NULL, 2182.00, '2025-06-09 15:36:25', 'delivered', 0),
(5, 1, 1, NULL, 'cash', NULL, 200.00, '2025-06-11 15:04:02', 'delivered', 0),
(6, 3, 1, NULL, 'cash', NULL, 213.00, '2025-06-11 15:21:14', 'delivered', 0),
(7, 1, 1, NULL, 'cash', NULL, 400.00, '2025-06-11 17:42:36', 'delivered', 0),
(8, 1, 1, NULL, 'cash', NULL, 266.00, '2025-06-11 19:38:30', 'cancelled', 0),
(9, 1, 1, NULL, 'cash', NULL, 1757.00, '2025-06-11 20:13:20', 'delivered', 0),
(10, 1, 1, NULL, 'cash', NULL, 978.00, '2025-06-11 22:13:41', 'delivered', 0),
(11, 3, 1, NULL, 'cash', NULL, 6420.00, '2025-06-11 22:18:47', 'delivered', 0),
(12, 3, 1, NULL, 'cash', NULL, 1228.00, '2025-06-11 22:29:39', 'delivered', 0),
(13, 3, 1, NULL, 'cash', NULL, 1900.00, '2025-06-11 22:33:49', 'delivered', 0),
(14, 1, 1, NULL, 'cash', NULL, 50.00, '2025-06-13 14:27:48', 'delivered', 0),
(15, 1, 1, NULL, 'cash', NULL, 200.00, '2025-06-16 20:36:20', 'delivered', 0),
(16, 1, 1, NULL, 'cash', NULL, 526.00, '2025-06-16 20:57:21', 'delivered', 0),
(17, 1, 1, NULL, 'cash', NULL, 1065.00, '2025-06-16 20:58:24', 'delivered', 0),
(18, 1, 1, NULL, 'cash', NULL, 852.00, '2025-06-16 21:06:04', 'delivered', 0),
(19, 1, 1, NULL, 'cash', NULL, 263.00, '2025-06-16 21:21:22', 'delivered', 0),
(20, 1, 1, NULL, 'cash', NULL, 386.00, '2025-06-16 21:24:35', 'delivered', 0),
(21, 2, 1, NULL, 'cash', NULL, 1321.00, '2025-06-16 21:26:05', 'cancelled', 0),
(22, 1, 1, NULL, 'cash', NULL, 1045.00, '2025-06-16 21:26:39', 'delivered', 0),
(23, 1, 1, NULL, 'cash', NULL, 1707.00, '2025-06-16 21:32:35', 'delivered', 0),
(24, 1, 1, NULL, 'cash', NULL, 200.00, '2025-06-20 12:27:07', 'delivered', 0),
(25, 1, 2, NULL, 'cash', NULL, 2976.00, '2025-06-23 00:08:06', 'delivered', 0),
(26, 1, 2, NULL, 'cash', NULL, 400.00, '2025-06-23 01:49:57', 'delivered', 0),
(27, 1, 2, NULL, 'cash', NULL, 2826.00, '2025-06-23 02:54:20', 'delivered', 0),
(28, 1, 2, NULL, 'cash', NULL, 132.00, '2025-06-23 03:06:57', 'delivered', 0),
(29, 1, 2, NULL, 'cash', NULL, 348.00, '2025-06-23 03:13:50', 'delivered', 0),
(30, 1, 2, NULL, 'cash', NULL, 2526.00, '2025-06-23 03:26:05', 'delivered', 0),
(31, 1, 2, NULL, 'cash', NULL, 132.00, '2025-06-23 03:41:55', 'delivered', 0),
(32, 1, 2, NULL, 'cash', NULL, 460.00, '2025-06-25 02:47:44', 'pending', 0),
(33, 1, 1, NULL, 'cash', NULL, 200.00, '2025-06-25 16:22:37', 'delivered', 0),
(34, 1, 2, NULL, 'card', NULL, 116.00, '2025-06-27 15:56:18', 'pending', 0);

-- --------------------------------------------------------

--
-- Table structure for table `order_items`
--

CREATE TABLE `order_items` (
  `order_item_id` int(11) NOT NULL,
  `order_id` int(11) NOT NULL,
  `product_id` int(11) DEFAULT NULL,
  `ingredient_id` int(11) DEFAULT NULL,
  `variant_id` int(11) DEFAULT NULL,
  `quantity` int(11) NOT NULL,
  `unit_price` decimal(10,2) NOT NULL,
  `total_price` decimal(10,2) GENERATED ALWAYS AS (`unit_price` * `quantity`) STORED,
  `supplier_id` int(11) DEFAULT NULL,
  `seller_id` int(11) DEFAULT NULL
) ENGINE=InnoDB DEFAULT CHARSET=utf8mb4 COLLATE=utf8mb4_general_ci;

--
-- Dumping data for table `order_items`
--

INSERT INTO `order_items` (`order_item_id`, `order_id`, `product_id`, `ingredient_id`, `variant_id`, `quantity`, `unit_price`, `supplier_id`, `seller_id`) VALUES
(1, 1, NULL, 6, NULL, 1, 200.00, 1, NULL),
(2, 2, NULL, 7, NULL, 1, 266.00, 1, NULL),
(3, 2, NULL, 3, NULL, 2, 222.00, 1, NULL),
(4, 2, NULL, 4, NULL, 2, 240.00, 1, NULL),
(5, 2, NULL, 5, NULL, 2, 250.00, 1, NULL),
(6, 2, NULL, 1, NULL, 2, 50.00, 1, NULL),
(7, 3, NULL, 6, NULL, 200, 200.00, 1, NULL),
(8, 4, NULL, 7, NULL, 5, 266.00, 1, NULL),
(9, 4, NULL, 1, 2, 4, 213.00, 1, NULL),
(10, 5, NULL, 6, NULL, 1, 200.00, 1, NULL),
(11, 6, NULL, 1, 2, 1, 213.00, 1, NULL),
(12, 7, NULL, 6, NULL, 2, 200.00, 1, NULL),
(13, 8, NULL, 7, NULL, 1, 266.00, 1, NULL),
(14, 9, NULL, 1, NULL, 4, 50.00, 1, NULL),
(15, 9, NULL, 1, 1, 4, 123.00, 1, NULL),
(16, 9, NULL, 1, 2, 5, 213.00, 1, NULL),
(17, 10, NULL, 6, NULL, 1, 200.00, 1, NULL),
(18, 10, NULL, 7, NULL, 1, 266.00, 1, NULL),
(19, 10, NULL, 3, NULL, 1, 222.00, 1, NULL),
(20, 10, NULL, 4, NULL, 1, 240.00, 1, NULL),
(21, 10, NULL, 1, NULL, 1, 50.00, 1, NULL),
(22, 11, NULL, 1, NULL, 2, 50.00, 1, NULL),
(23, 11, NULL, 1, 2, 4, 213.00, 1, NULL),
(24, 11, NULL, 6, NULL, 4, 200.00, 1, NULL),
(25, 11, NULL, 7, NULL, 5, 266.00, 1, NULL),
(26, 11, NULL, 3, NULL, 4, 222.00, 1, NULL),
(27, 11, NULL, 4, NULL, 5, 240.00, 1, NULL),
(28, 11, NULL, 5, NULL, 5, 250.00, 1, NULL),
(29, 12, NULL, 6, NULL, 1, 200.00, 1, NULL),
(30, 12, NULL, 7, NULL, 1, 266.00, 1, NULL),
(31, 12, NULL, 3, NULL, 1, 222.00, 1, NULL),
(32, 12, NULL, 4, NULL, 1, 240.00, 1, NULL),
(33, 12, NULL, 5, NULL, 1, 250.00, 1, NULL),
(34, 12, NULL, 1, NULL, 1, 50.00, 1, NULL),
(35, 13, NULL, 6, NULL, 2, 200.00, 1, NULL),
(36, 13, NULL, 7, NULL, 1, 266.00, 1, NULL),
(37, 13, NULL, 3, NULL, 2, 222.00, 1, NULL),
(38, 13, NULL, 4, NULL, 1, 240.00, 1, NULL),
(39, 13, NULL, 5, NULL, 2, 250.00, 1, NULL),
(40, 13, NULL, 1, NULL, 1, 50.00, 1, NULL),
(41, 14, NULL, 1, NULL, 1, 50.00, 1, NULL),
(42, 15, NULL, 6, NULL, 1, 200.00, 1, NULL),
(43, 16, NULL, 1, 2, 2, 213.00, 1, NULL),
(44, 16, NULL, 1, NULL, 2, 50.00, 1, NULL),
(45, 17, NULL, 1, 2, 5, 213.00, 1, NULL),
(46, 18, NULL, 1, 2, 4, 213.00, 1, NULL),
(47, 19, NULL, 1, NULL, 1, 50.00, 1, NULL),
(48, 19, NULL, 1, 2, 1, 213.00, 1, NULL),
(49, 20, NULL, 1, NULL, 1, 50.00, 1, NULL),
(50, 20, NULL, 1, 1, 1, 123.00, 1, NULL),
(51, 20, NULL, 1, 2, 1, 213.00, 1, NULL),
(52, 21, NULL, 1, NULL, 2, 50.00, 1, NULL),
(53, 21, NULL, 1, 1, 3, 123.00, 1, NULL),
(54, 21, NULL, 1, 2, 4, 213.00, 1, NULL),
(55, 22, NULL, 1, NULL, 5, 50.00, 1, NULL),
(56, 22, NULL, 1, 1, 3, 123.00, 1, NULL),
(57, 22, NULL, 1, 2, 2, 213.00, 1, NULL),
(58, 23, NULL, 1, NULL, 3, 50.00, 1, NULL),
(59, 23, NULL, 1, 1, 4, 123.00, 1, NULL),
(60, 23, NULL, 1, 2, 5, 213.00, 1, NULL),
(61, 24, NULL, 6, NULL, 1, 200.00, 1, NULL),
(62, 25, NULL, 9, NULL, 3, 44.00, 2, NULL),
(63, 25, NULL, 10, NULL, 3, 480.00, 2, NULL),
(64, 25, NULL, 11, NULL, 3, 52.00, 2, NULL),
(65, 25, NULL, 13, NULL, 6, 150.00, 2, NULL),
(66, 25, NULL, 12, NULL, 3, 116.00, 2, NULL),
(67, 26, NULL, 13, 3, 4, 100.00, 2, NULL),
(68, 27, NULL, 9, NULL, 3, 44.00, 2, NULL),
(69, 27, NULL, 10, NULL, 3, 480.00, 2, NULL),
(70, 27, NULL, 11, NULL, 3, 52.00, 2, NULL),
(71, 27, NULL, 13, NULL, 3, 150.00, 2, NULL),
(72, 27, NULL, 13, 3, 3, 100.00, 2, NULL),
(73, 27, NULL, 12, NULL, 3, 116.00, 2, NULL),
(74, 28, NULL, 9, NULL, 3, 44.00, 2, NULL),
(75, 29, NULL, 12, NULL, 3, 116.00, 2, NULL),
(76, 30, NULL, 9, NULL, 3, 44.00, 2, NULL),
(77, 30, NULL, 10, NULL, 3, 480.00, 2, NULL),
(78, 30, NULL, 11, NULL, 3, 52.00, 2, NULL),
(79, 30, NULL, 13, NULL, 3, 150.00, 2, NULL),
(80, 30, NULL, 12, NULL, 3, 116.00, 2, NULL),
(81, 31, NULL, 9, NULL, 3, 44.00, 2, NULL),
(82, 32, NULL, 13, NULL, 3, 150.00, 2, NULL),
(83, 32, NULL, NULL, NULL, 1, 10.00, NULL, NULL),
(84, 33, NULL, 6, NULL, 1, 200.00, 1, NULL),
(85, 34, NULL, 12, NULL, 1, 116.00, 2, NULL);

-- --------------------------------------------------------

--
-- Table structure for table `posts`
--

CREATE TABLE `posts` (
  `id` int(11) NOT NULL,
  `user_id` int(11) NOT NULL,
  `content` text NOT NULL,
  `audience` enum('public','friends','only_me') NOT NULL DEFAULT 'only_me',
  `location` varchar(255) DEFAULT NULL,
  `is_active` tinyint(1) DEFAULT 1,
  `reactions_count` int(11) DEFAULT 0,
  `comments_count` int(11) DEFAULT 0,
  `created_at` timestamp NOT NULL DEFAULT current_timestamp(),
  `updated_at` timestamp NOT NULL DEFAULT current_timestamp() ON UPDATE current_timestamp()
) ENGINE=InnoDB DEFAULT CHARSET=utf8mb4 COLLATE=utf8mb4_general_ci;

--
-- Dumping data for table `posts`
--

INSERT INTO `posts` (`id`, `user_id`, `content`, `audience`, `location`, `is_active`, `reactions_count`, `comments_count`, `created_at`, `updated_at`) VALUES
(26, 1, 's', 'public', NULL, 1, 0, 0, '2025-06-04 22:51:20', '2025-06-04 22:51:20'),
(27, 1, 's', 'public', NULL, 1, 0, 0, '2025-06-04 22:51:20', '2025-06-04 22:51:20'),
(28, 1, 's', 'public', NULL, 1, 0, 0, '2025-06-04 22:53:09', '2025-06-04 22:53:09'),
(29, 1, 's', 'public', NULL, 1, 0, 0, '2025-06-04 22:53:09', '2025-06-04 22:53:09'),
(30, 1, 'a', 'public', NULL, 1, 0, 0, '2025-06-04 22:56:23', '2025-06-04 22:56:23'),
(31, 1, 'a', 'public', NULL, 1, 0, 0, '2025-06-04 22:56:23', '2025-06-04 22:56:23'),
(32, 1, 's', 'public', NULL, 1, 0, 0, '2025-06-04 22:59:29', '2025-06-04 22:59:29'),
(33, 1, 'd', 'public', NULL, 1, 0, 0, '2025-06-04 22:59:42', '2025-06-04 22:59:42'),
(34, 1, 's', 'public', NULL, 1, 0, 0, '2025-06-04 23:00:23', '2025-06-04 23:00:23'),
(35, 1, 'yawa', 'public', NULL, 1, 0, 0, '2025-06-04 23:01:21', '2025-06-04 23:01:21'),
(36, 1, 'hoi', 'public', NULL, 1, 0, 0, '2025-06-04 23:02:27', '2025-06-04 23:02:27'),
(37, 1, 'hoi', 'public', NULL, 1, 0, 0, '2025-06-04 23:02:27', '2025-06-04 23:02:27'),
(38, 1, 'shit\r\n', 'public', NULL, 1, 0, 0, '2025-06-04 23:05:30', '2025-06-04 23:05:30'),
(39, 1, 'ad', 'public', NULL, 1, 0, 0, '2025-06-04 23:08:20', '2025-06-04 23:08:20'),
(40, 2, 'hoi', 'public', NULL, 1, 0, 0, '2025-06-04 23:12:41', '2025-06-04 23:12:41'),
(41, 2, 'nigga', 'public', NULL, 1, 0, 0, '2025-06-05 02:15:53', '2025-06-05 02:15:53'),
(42, 1, 'niggers', 'public', NULL, 1, 0, 0, '2025-06-09 01:32:10', '2025-06-09 01:32:10'),
(43, 1, 'lami na kakanin. palit namo saakoang STORE!! VISIT AARON\'s KAKANIN', 'public', NULL, 1, 0, 0, '2025-06-12 07:12:46', '2025-06-12 07:12:46');

-- --------------------------------------------------------

--
-- Table structure for table `post_comments`
--

CREATE TABLE `post_comments` (
  `id` int(11) NOT NULL,
  `post_id` int(11) NOT NULL,
  `user_id` int(11) NOT NULL,
  `comment` text NOT NULL,
  `parent_comment_id` int(11) DEFAULT NULL,
  `created_at` timestamp NOT NULL DEFAULT current_timestamp()
) ENGINE=InnoDB DEFAULT CHARSET=utf8mb4 COLLATE=utf8mb4_general_ci;

--
-- Dumping data for table `post_comments`
--

INSERT INTO `post_comments` (`id`, `post_id`, `user_id`, `comment`, `parent_comment_id`, `created_at`) VALUES
(23, 36, 1, 'd', NULL, '2025-06-11 06:44:54'),
(24, 42, 1, 'hi', NULL, '2025-06-24 18:55:41'),
(25, 43, 1, 'hi', NULL, '2025-06-24 19:07:10'),
(26, 39, 1, 'ljk,hmvnbc1', NULL, '2025-06-25 07:28:37'),
(27, 43, 1, 'uijyrth', NULL, '2025-06-25 08:14:48');

-- --------------------------------------------------------

--
-- Table structure for table `post_media`
--

CREATE TABLE `post_media` (
  `id` int(11) NOT NULL,
  `post_id` int(11) NOT NULL,
  `file_path` varchar(255) NOT NULL,
  `media_type` enum('image','video','gif') DEFAULT 'image',
  `sort_order` int(11) DEFAULT 0,
  `created_at` timestamp NOT NULL DEFAULT current_timestamp()
) ENGINE=InnoDB DEFAULT CHARSET=utf8mb4 COLLATE=utf8mb4_general_ci;

--
-- Dumping data for table `post_media`
--

INSERT INTO `post_media` (`id`, `post_id`, `file_path`, `media_type`, `sort_order`, `created_at`) VALUES
(6, 40, 'uploads/posts/picture/68412749be12b_IMG20250329172225.jpg', 'image', 0, '2025-06-05 05:12:41'),
(7, 41, 'uploads/posts/picture/68415239aab22_theres-a-brainrot-in-the-vietnamese-wuwa-fandom-where-v0-0dxzfww7qz0f1.jpg', 'image', 0, '2025-06-05 08:15:53'),
(8, 42, 'uploads/posts/picture/68468dfa84f85_theres-a-brainrot-in-the-vietnamese-wuwa-fandom-where-v0-0dxzfww7qz0f1.jpg', 'image', 0, '2025-06-09 07:32:10'),
(9, 43, 'uploads/posts/picture/684ad24e84ca1_Filipino kakanin.jpg', 'image', 0, '2025-06-12 13:12:46');

-- --------------------------------------------------------

--
-- Table structure for table `post_reactions`
--

CREATE TABLE `post_reactions` (
  `id` int(11) NOT NULL,
  `post_id` int(11) NOT NULL,
  `user_id` int(11) NOT NULL,
  `reaction_type` enum('like','love','haha','wow','sad','angry') NOT NULL,
  `created_at` timestamp NOT NULL DEFAULT current_timestamp()
) ENGINE=InnoDB DEFAULT CHARSET=utf8mb4 COLLATE=utf8mb4_general_ci;

--
-- Dumping data for table `post_reactions`
--

INSERT INTO `post_reactions` (`id`, `post_id`, `user_id`, `reaction_type`, `created_at`) VALUES
(35, 42, 1, 'angry', '2025-06-24 19:05:28'),
(36, 43, 1, 'haha', '2025-06-24 19:10:49'),
(37, 39, 1, 'love', '2025-06-25 07:28:09');

-- --------------------------------------------------------

--
-- Table structure for table `post_shares`
--

CREATE TABLE `post_shares` (
  `id` int(11) NOT NULL,
  `post_id` int(11) NOT NULL,
  `shared_by_user_id` int(11) NOT NULL,
  `shared_to_user_id` int(11) DEFAULT NULL,
  `share_comment` text DEFAULT NULL,
  `created_at` timestamp NOT NULL DEFAULT current_timestamp()
) ENGINE=InnoDB DEFAULT CHARSET=utf8mb4 COLLATE=utf8mb4_general_ci;

-- --------------------------------------------------------

--
-- Table structure for table `post_tags`
--

CREATE TABLE `post_tags` (
  `id` int(11) NOT NULL,
  `post_id` int(11) NOT NULL,
  `tagged_user_id` int(11) NOT NULL
) ENGINE=InnoDB DEFAULT CHARSET=utf8mb4 COLLATE=utf8mb4_general_ci;

-- --------------------------------------------------------

--
-- Table structure for table `pre_order_list`
--

CREATE TABLE `pre_order_list` (
  `pre_order_id` int(11) NOT NULL,
  `user_id` int(11) NOT NULL,
  `seller_id` int(11) NOT NULL,
  `product_name` varchar(255) NOT NULL,
  `quantity` int(11) NOT NULL,
  `unit` varchar(50) DEFAULT NULL,
  `preferred_date` date DEFAULT NULL,
  `preferred_time` varchar(50) DEFAULT NULL,
  `additional_notes` text DEFAULT NULL,
  `status` enum('pending','approved','declined','delivered') DEFAULT 'pending',
  `request_date` datetime DEFAULT current_timestamp(),
  `updated_at` datetime DEFAULT current_timestamp() ON UPDATE current_timestamp(),
  `full_address` text DEFAULT NULL,
  `decline_reason` text DEFAULT NULL
) ENGINE=InnoDB DEFAULT CHARSET=utf8mb4 COLLATE=utf8mb4_general_ci;

--
-- Dumping data for table `pre_order_list`
--

INSERT INTO `pre_order_list` (`pre_order_id`, `user_id`, `seller_id`, `product_name`, `quantity`, `unit`, `preferred_date`, `preferred_time`, `additional_notes`, `status`, `request_date`, `updated_at`, `full_address`, `decline_reason`) VALUES
(1, 1, 4, 'bibingka', 12, 'pcs', '2025-06-02', '2:00pm', 'asd', 'delivered', '2025-06-01 16:56:18', '2025-06-30 16:22:57', 'De Guzman Street, Purok 20, Crossing Bayabas, Toril District, Davao City, Davao Region, 8025, Philippines', NULL),
(2, 1, 4, 'asd', 123, 'pcs', '2025-06-01', '3:00pm', 'asdasddddddddddddddddddddddddddddddddddddddddddddddddddddasdasddddddddddddddddddddddddddddddddddddddddddddddddddddasdasddddddddddddddddddddddddddddddddddddddddddddddddddddasdasdddddddddddddddddddddddddddddddddddddddddddddddddddd', 'delivered', '2025-06-01 18:20:39', '2025-06-30 16:19:24', 'Cosmopolitan Funeral Chapel, De Guzman Street, Purok 20, Crossing Bayabas, Toril District, Davao City, Davao Region, 8025, Philippines', NULL),
(3, 1, 4, 'asd', 123, 'pcs', '2025-06-01', '3:00pm', 'asdasddddddddddddddddddddddddddddddddddddddddddddddddddddasdasddddddddddddddddddddddddddddddddddddddddddddddddddddasdasddddddddddddddddddddddddddddddddddddddddddddddddddddasdasdddddddddddddddddddddddddddddddddddddddddddddddddddd', 'delivered', '2025-06-01 18:21:13', '2025-06-30 14:54:16', 'Cosmopolitan Funeral Chapel, De Guzman Street, Purok 20, Crossing Bayabas, Toril District, Davao City, Davao Region, 8025, Philippines', NULL),
(4, 1, 4, 'asd', 123, 'pcs', '2025-06-01', '3:00pm', 'asdasddddddddddddddddddddddddddddddddddddddddddddddddddddasdasddddddddddddddddddddddddddddddddddddddddddddddddddddasdasddddddddddddddddddddddddddddddddddddddddddddddddddddasdasdddddddddddddddddddddddddddddddddddddddddddddddddddd', 'delivered', '2025-06-01 18:21:19', '2025-06-30 14:50:59', 'Cosmopolitan Funeral Chapel, De Guzman Street, Purok 20, Crossing Bayabas, Toril District, Davao City, Davao Region, 8025, Philippines', NULL),
(5, 1, 4, 'asd', 123, 'pcs', '2025-06-01', '3:00pm', 'asdasddddddddddddddddddddddddddddddddddddddddddddddddddddasdasddddddddddddddddddddddddddddddddddddddddddddddddddddasdasddddddddddddddddddddddddddddddddddddddddddddddddddddasdasdddddddddddddddddddddddddddddddddddddddddddddddddddd', 'delivered', '2025-06-01 18:21:24', '2025-06-30 14:49:13', 'Cosmopolitan Funeral Chapel, De Guzman Street, Purok 20, Crossing Bayabas, Toril District, Davao City, Davao Region, 8025, Philippines', NULL),
(6, 1, 4, 'dsad', 1, '1', '2025-06-14', '3:00pm', 'dsa', 'declined', '2025-06-01 18:41:12', '2025-06-01 19:27:41', 'Cosmopolitan Funeral Chapel, De Guzman Street, Purok 20, Crossing Bayabas, Toril District, Davao City, Davao Region, 8025, Philippines', 'iw'),
(7, 1, 4, 'dsad', 1, '1', '2025-06-14', '3:00pm', 'dsa', 'delivered', '2025-06-01 18:42:41', '2025-06-26 16:06:40', 'Cosmopolitan Funeral Chapel, De Guzman Street, Purok 20, Crossing Bayabas, Toril District, Davao City, Davao Region, 8025, Philippines', NULL),
(8, 2, 4, 'ss', 1, '1', '2025-06-06', '3:00pm', 'asd', 'declined', '2025-06-01 18:43:06', '2025-06-01 19:17:46', 'Bato-Kilate-Tagurano Road, Purok 9, Bato, Toril District, Davao City, Davao Region, 8000, Philippines', 'yawa HAHAHAHA'),
(9, 2, 4, 'turon', 5, 'pcs', '2025-06-01', '3:00pm', 'naka selopin pls', 'delivered', '2025-06-01 19:06:24', '2025-06-26 16:01:21', 'Bato-Kilate-Tagurano Road, Purok 9, Bato, Toril District, Davao City, Davao Region, 8000, Philippines', NULL),
(10, 1, 4, 'arra', 1, 'pcs', '2025-06-06', '3:00pm', 'asd', 'declined', '2025-06-01 20:21:32', '2025-06-01 20:21:46', 'Cosmopolitan Funeral Chapel, De Guzman Street, Purok 20, Crossing Bayabas, Toril District, Davao City, Davao Region, 8025, Philippines', 'di diay ko hahaha'),
(11, 2, 4, 'asd', 123, 'asd', '0000-00-00', '', 'sad', 'declined', '2025-06-01 22:25:18', '2025-06-11 14:51:16', 'Bato-Kilate-Tagurano Road, Purok 9, Bato, Toril District, Davao City, Davao Region, 8000, Philippines', 'no'),
(12, 3, 4, 's', 1, 's', '2025-06-13', '3:00pm', 's', 'declined', '2025-06-01 23:17:12', '2025-06-09 15:37:59', 'Cebu North Road, Lugo, Cebu, Central Visayas, 6008, Philippines', 'DILI KO KAY YOU ARE NIGGER'),
(13, 3, 4, 'otn', 21, 'pcs', '2025-06-04', '3:00pm', 'asd', 'delivered', '2025-06-02 00:28:12', '2025-06-26 15:40:19', 'Cebu North Road, Lugo, Cebu, Central Visayas, 6008, Philippines', NULL),
(14, 3, 4, 'yawa gana unta pls', 1, '1', '2025-06-07', '3:00pm', '2', 'declined', '2025-06-12 22:35:42', '2025-06-12 22:37:57', 'Adelfa Street, Purok 1, Santo Nio, Tugbok District, Davao City, Davao Region, 8022, Philippines', 'di ko kayh wa niggana'),
(15, 3, 4, 'Biko', 20, 'pcs', '2025-06-14', '3:00pm', 'make it surprise', 'pending', '2025-06-12 22:37:34', '2025-06-12 22:37:34', 'Adelfa Street, Purok 1, Santo Nio, Tugbok District, Davao City, Davao Region, 8022, Philippines', NULL),
(16, 19, 4, 'turon', 2, 'pcs', '2025-06-23', '12:00pm', 'none', 'delivered', '2025-06-20 11:26:48', '2025-06-30 16:19:41', 'upperpiedad toril', NULL);

-- --------------------------------------------------------

--
-- Table structure for table `products`
--

CREATE TABLE `products` (
  `product_id` int(11) NOT NULL,
  `product_name` varchar(255) NOT NULL,
  `slug` varchar(255) DEFAULT NULL,
  `description` text DEFAULT NULL,
  `image_url` varchar(255) DEFAULT NULL,
  `ingredient_id` int(11) DEFAULT NULL,
  `seller_id` int(11) NOT NULL,
  `category_id` int(11) DEFAULT NULL,
  `price` decimal(10,2) NOT NULL,
  `discount_price` decimal(10,2) DEFAULT NULL,
  `stock` int(11) NOT NULL DEFAULT 0,
  `quantity_value` decimal(10,2) DEFAULT 1.00,
  `unit_type` enum('g','kg','ml','l','pcs','pack','bottle','can','tray','box') DEFAULT 'pcs',
  `is_active` tinyint(1) DEFAULT 1,
  `rating` decimal(3,2) DEFAULT 0.00,
  `notes` text DEFAULT NULL,
  `created_by` int(11) DEFAULT NULL,
  `updated_by` int(11) DEFAULT NULL,
  `created_at` datetime DEFAULT current_timestamp(),
  `updated_at` datetime DEFAULT current_timestamp() ON UPDATE current_timestamp()
) ENGINE=InnoDB DEFAULT CHARSET=utf8mb4 COLLATE=utf8mb4_general_ci;

--
-- Dumping data for table `products`
--

INSERT INTO `products` (`product_id`, `product_name`, `slug`, `description`, `image_url`, `ingredient_id`, `seller_id`, `category_id`, `price`, `discount_price`, `stock`, `quantity_value`, `unit_type`, `is_active`, `rating`, `notes`, `created_by`, `updated_by`, `created_at`, `updated_at`) VALUES
(5, 'Turon Specials', 'Turon Specials', 'A Delicious Turon', 'uploads/products/1750682958_Turon-Recipe.jpg', NULL, 4, 45, 6.00, 5.00, 2, 1.00, 'pcs', 1, 0.00, 'Cooked product via kitchen inventory.', 1, 1, '2025-06-23 20:49:18', '2025-06-30 16:22:57'),
(21, 'Lumpia Version 1', 'lumpia', 'Lami na lumpia', 'uploads/products/1750695891_Turon (1).jpg', NULL, 4, 45, 10.00, 5.00, 25, 1.00, 'pcs', 1, 0.00, 'Cooked product via kitchen inventory.', 1, 1, '2025-06-24 00:24:51', '2025-06-30 16:22:57'),
(42, 'Turon Version 2 ', 'Turon', 'lami na turon', 'uploads/products/1751011485_TURON-500x500.jpg', NULL, 4, 45, 10.00, 8.00, 5, 1.00, 'pcs', 1, 0.00, 'Cooked product via kitchen inventory.', 1, 1, '2025-06-27 16:04:45', '2025-06-30 16:22:57');

-- --------------------------------------------------------

--
-- Table structure for table `product_inventory`
--

CREATE TABLE `product_inventory` (
  `inventory_id` int(11) NOT NULL,
  `product_id` int(11) NOT NULL,
  `seller_id` int(11) NOT NULL,
  `order_id` int(11) DEFAULT NULL,
  `quantity` int(11) NOT NULL,
  `activity_type` enum('delivery','restock','adjustment') DEFAULT 'delivery',
  `notes` text DEFAULT NULL,
  `created_at` datetime DEFAULT current_timestamp()
) ENGINE=InnoDB DEFAULT CHARSET=utf8mb4 COLLATE=utf8mb4_general_ci;

--
-- Dumping data for table `product_inventory`
--

INSERT INTO `product_inventory` (`inventory_id`, `product_id`, `seller_id`, `order_id`, `quantity`, `activity_type`, `notes`, `created_at`) VALUES
(1, 5, 4, 5, 1, 'delivery', 'Delivered to customer via order #5', '2025-06-26 16:16:14'),
(2, 21, 4, 5, 1, 'delivery', 'Delivered to customer via order #5', '2025-06-26 16:16:14'),
(3, 5, 4, 16, 1, 'delivery', 'Delivered to customer via order #16', '2025-06-26 16:32:40'),
(4, 21, 4, 16, 1, 'delivery', 'Delivered to customer via order #16', '2025-06-26 16:32:40'),
(5, 5, 4, 5, 1, 'delivery', 'Delivered to customer via order #5', '2025-06-30 14:40:37'),
(6, 5, 4, 5, 1, 'delivery', 'Delivered to customer via order #5', '2025-06-30 14:41:52'),
(7, 5, 4, 16, 1, 'delivery', 'Delivered to customer via order #16', '2025-06-30 14:45:05'),
(8, 5, 4, 16, 1, 'delivery', 'Delivered to customer via order #16', '2025-06-30 14:46:29'),
(9, 5, 4, 16, 1, 'delivery', 'Delivered to customer via order #16', '2025-06-30 14:47:05'),
(10, 21, 4, 5, 1, 'delivery', 'Delivered to customer via order #5', '2025-06-30 14:49:13'),
(11, 5, 4, 4, 11, 'delivery', 'Delivered to customer via order #4', '2025-06-30 14:50:59'),
(12, 21, 4, 3, 1, 'delivery', 'Delivered to customer via order #3', '2025-06-30 14:54:16'),
(13, 5, 4, 2, 1, 'delivery', 'Delivered to customer via order #2', '2025-06-30 16:19:24'),
(14, 5, 4, 16, 1, 'delivery', 'Delivered to customer via order #16', '2025-06-30 16:19:41'),
(15, 5, 4, 1, 1, 'delivery', 'Delivered to customer via order #1', '2025-06-30 16:22:57'),
(16, 21, 4, 1, 1, 'delivery', 'Delivered to customer via order #1', '2025-06-30 16:22:57'),
(17, 42, 4, 1, 1, 'delivery', 'Delivered to customer via order #1', '2025-06-30 16:22:57');

-- --------------------------------------------------------

--
-- Table structure for table `receipts`
--

CREATE TABLE `receipts` (
  `receipt_id` int(11) NOT NULL,
  `order_id` int(11) NOT NULL,
  `user_id` int(11) NOT NULL,
  `seller_id` int(11) DEFAULT NULL,
  `supplier_id` int(11) DEFAULT NULL,
  `payment_date` timestamp NOT NULL DEFAULT current_timestamp(),
  `payment_method` enum('cash','gcash') DEFAULT 'cash',
  `subtotal` decimal(10,2) NOT NULL,
  `discount` decimal(10,2) DEFAULT 0.00,
  `tax_rate` decimal(5,2) DEFAULT 0.00,
  `tax_amount` decimal(10,2) DEFAULT 0.00,
  `total_paid` decimal(10,2) NOT NULL,
  `amount_paid` decimal(10,2) NOT NULL,
  `change_given` decimal(10,2) GENERATED ALWAYS AS (`amount_paid` - `total_paid`) STORED,
  `authorized_by` varchar(100) DEFAULT NULL,
  `remarks` text DEFAULT NULL,
  `created_at` timestamp NOT NULL DEFAULT current_timestamp()
) ENGINE=InnoDB DEFAULT CHARSET=utf8mb4 COLLATE=utf8mb4_general_ci;

--
-- Dumping data for table `receipts`
--

INSERT INTO `receipts` (`receipt_id`, `order_id`, `user_id`, `seller_id`, `supplier_id`, `payment_date`, `payment_method`, `subtotal`, `discount`, `tax_rate`, `tax_amount`, `total_paid`, `amount_paid`, `authorized_by`, `remarks`, `created_at`) VALUES
(1, 9, 1, NULL, 1, '2025-06-11 13:46:53', 'cash', 1757.00, 0.00, 0.00, 0.00, 1757.00, 1757.00, 'System', NULL, '2025-06-11 13:46:53'),
(2, 10, 1, NULL, 1, '2025-06-11 14:14:37', 'cash', 978.00, 0.00, 0.00, 0.00, 978.00, 978.00, 'System', NULL, '2025-06-11 14:14:37'),
(3, 11, 3, NULL, 1, '2025-06-11 14:19:35', 'cash', 6420.00, 0.00, 0.00, 0.00, 6420.00, 6420.00, 'System', NULL, '2025-06-11 14:19:35'),
(4, 12, 3, NULL, 1, '2025-06-11 14:30:23', 'cash', 1228.00, 0.00, 0.00, 0.00, 1228.00, 1228.00, 'System', NULL, '2025-06-11 14:30:23'),
(5, 13, 3, NULL, 1, '2025-06-11 14:34:02', 'cash', 1900.00, 0.00, 0.00, 0.00, 1900.00, 1900.00, 'System', NULL, '2025-06-11 14:34:02'),
(6, 14, 1, NULL, 1, '2025-06-13 06:30:00', 'cash', 50.00, 0.00, 0.00, 0.00, 50.00, 50.00, 'System', NULL, '2025-06-13 06:30:00'),
(7, 15, 1, NULL, 1, '2025-06-16 12:36:41', 'cash', 200.00, 0.00, 0.00, 0.00, 200.00, 200.00, 'System', NULL, '2025-06-16 12:36:41'),
(8, 16, 1, NULL, 1, '2025-06-16 12:57:34', 'cash', 526.00, 0.00, 0.00, 0.00, 526.00, 526.00, 'System', NULL, '2025-06-16 12:57:34'),
(9, 17, 1, NULL, 1, '2025-06-16 12:58:32', 'cash', 1065.00, 0.00, 0.00, 0.00, 1065.00, 1065.00, 'System', NULL, '2025-06-16 12:58:32'),
(10, 18, 1, NULL, 1, '2025-06-16 13:06:17', 'cash', 852.00, 0.00, 0.00, 0.00, 852.00, 852.00, 'System', NULL, '2025-06-16 13:06:17'),
(11, 19, 1, NULL, 1, '2025-06-16 13:21:35', 'cash', 263.00, 0.00, 0.00, 0.00, 263.00, 263.00, 'System', NULL, '2025-06-16 13:21:35'),
(12, 20, 1, NULL, 1, '2025-06-16 13:24:53', 'cash', 386.00, 0.00, 0.00, 0.00, 386.00, 386.00, 'System', NULL, '2025-06-16 13:24:53'),
(13, 22, 1, NULL, 1, '2025-06-16 13:26:56', 'cash', 1045.00, 0.00, 0.00, 0.00, 1045.00, 1045.00, 'System', NULL, '2025-06-16 13:26:56'),
(14, 23, 1, NULL, 1, '2025-06-16 13:32:43', 'cash', 1707.00, 0.00, 0.00, 0.00, 1707.00, 1707.00, 'System', NULL, '2025-06-16 13:32:43'),
(15, 24, 1, NULL, 1, '2025-06-20 04:52:43', 'cash', 200.00, 0.00, 0.00, 0.00, 200.00, 200.00, 'System', NULL, '2025-06-20 04:52:43'),
(16, 25, 1, NULL, 2, '2025-06-22 16:08:52', 'cash', 2976.00, 0.00, 0.00, 0.00, 2976.00, 2976.00, 'System', NULL, '2025-06-22 16:08:52'),
(17, 26, 1, NULL, 2, '2025-06-22 17:50:11', 'cash', 400.00, 0.00, 0.00, 0.00, 400.00, 400.00, 'System', NULL, '2025-06-22 17:50:11'),
(18, 27, 1, NULL, 2, '2025-06-22 18:54:33', 'cash', 2826.00, 0.00, 0.00, 0.00, 2826.00, 2826.00, 'System', NULL, '2025-06-22 18:54:33'),
(19, 28, 1, NULL, 2, '2025-06-22 19:07:10', 'cash', 132.00, 0.00, 0.00, 0.00, 132.00, 132.00, 'System', NULL, '2025-06-22 19:07:10'),
(20, 29, 1, NULL, 2, '2025-06-22 19:13:59', 'cash', 348.00, 0.00, 0.00, 0.00, 348.00, 348.00, 'System', NULL, '2025-06-22 19:13:59'),
(21, 30, 1, NULL, 2, '2025-06-22 19:26:20', 'cash', 2526.00, 0.00, 0.00, 0.00, 2526.00, 2526.00, 'System', NULL, '2025-06-22 19:26:20'),
(22, 31, 1, NULL, 2, '2025-06-22 19:42:03', 'cash', 132.00, 0.00, 0.00, 0.00, 132.00, 132.00, 'System', NULL, '2025-06-22 19:42:03'),
(23, 33, 1, NULL, 1, '2025-06-25 08:25:11', 'cash', 200.00, 0.00, 0.00, 0.00, 200.00, 200.00, 'System', NULL, '2025-06-25 08:25:11');

-- --------------------------------------------------------

--
-- Table structure for table `receipt_item`
--

CREATE TABLE `receipt_item` (
  `receipt_item_id` int(11) NOT NULL,
  `receipt_id` int(11) NOT NULL,
  `product_id` int(11) DEFAULT NULL,
  `ingredient_id` int(11) DEFAULT NULL,
  `variant_id` int(11) DEFAULT NULL,
  `description` varchar(255) DEFAULT NULL,
  `quantity` int(11) NOT NULL,
  `unit_price` decimal(10,2) NOT NULL,
  `discount` decimal(10,2) DEFAULT 0.00,
  `total_price` decimal(10,2) GENERATED ALWAYS AS ((`unit_price` - `discount`) * `quantity`) STORED,
  `taxed` tinyint(1) DEFAULT 0
) ENGINE=InnoDB DEFAULT CHARSET=utf8mb4 COLLATE=utf8mb4_general_ci;

--
-- Dumping data for table `receipt_item`
--

INSERT INTO `receipt_item` (`receipt_item_id`, `receipt_id`, `product_id`, `ingredient_id`, `variant_id`, `description`, `quantity`, `unit_price`, `discount`, `taxed`) VALUES
(1, 1, NULL, 1, NULL, 'Coconut Milk', 4, 50.00, 0.00, 0),
(2, 1, NULL, 1, NULL, 'Coconut Milk', 4, 123.00, 0.00, 0),
(3, 1, NULL, 1, NULL, 'Coconut Milk', 5, 213.00, 0.00, 0),
(4, 2, NULL, 6, NULL, 'American Cheese', 1, 200.00, 0.00, 0),
(5, 2, NULL, 7, NULL, 'Aussie Cheese', 1, 266.00, 0.00, 0),
(6, 2, NULL, 3, NULL, 'Cheese', 1, 222.00, 0.00, 0),
(7, 2, NULL, 4, NULL, 'Cheeser', 1, 240.00, 0.00, 0),
(8, 2, NULL, 1, NULL, 'Coconut Milk', 1, 50.00, 0.00, 0),
(9, 3, NULL, 1, NULL, 'Coconut Milk', 2, 50.00, 0.00, 0),
(10, 3, NULL, 1, NULL, 'Coconut Milk', 4, 213.00, 0.00, 0),
(11, 3, NULL, 3, NULL, 'Cheese', 4, 222.00, 0.00, 0),
(12, 3, NULL, 4, NULL, 'Cheeser', 5, 240.00, 0.00, 0),
(13, 3, NULL, 5, NULL, 'Cow Cheese', 5, 250.00, 0.00, 0),
(14, 3, NULL, 6, NULL, 'American Cheese', 4, 200.00, 0.00, 0),
(15, 3, NULL, 7, NULL, 'Aussie Cheese', 5, 266.00, 0.00, 0),
(16, 4, NULL, 6, NULL, 'American Cheese', 1, 200.00, 0.00, 0),
(17, 4, NULL, 7, NULL, 'Aussie Cheese', 1, 266.00, 0.00, 0),
(18, 4, NULL, 3, NULL, 'Cheese', 1, 222.00, 0.00, 0),
(19, 4, NULL, 4, NULL, 'Cheeser', 1, 240.00, 0.00, 0),
(20, 4, NULL, 5, NULL, 'Cow Cheese', 1, 250.00, 0.00, 0),
(21, 4, NULL, 1, NULL, 'Coconut Milk', 1, 50.00, 0.00, 0),
(22, 5, NULL, 6, NULL, 'American Cheese', 2, 200.00, 0.00, 0),
(23, 5, NULL, 7, NULL, 'Aussie Cheese', 1, 266.00, 0.00, 0),
(24, 5, NULL, 3, NULL, 'Cheese', 2, 222.00, 0.00, 0),
(25, 5, NULL, 4, NULL, 'Cheeser', 1, 240.00, 0.00, 0),
(26, 5, NULL, 5, NULL, 'Cow Cheese', 2, 250.00, 0.00, 0),
(27, 5, NULL, 1, NULL, 'Coconut Milk', 1, 50.00, 0.00, 0),
(28, 6, NULL, 1, NULL, 'Coconut Milk', 1, 50.00, 0.00, 0),
(29, 7, NULL, 6, NULL, 'American Cheese', 1, 200.00, 0.00, 0),
(30, 8, NULL, 1, NULL, 'Coconut Milk', 2, 213.00, 0.00, 0),
(31, 8, NULL, 1, NULL, 'Coconut Milk', 2, 50.00, 0.00, 0),
(32, 9, NULL, 1, NULL, 'Coconut Milk', 5, 213.00, 0.00, 0),
(33, 10, NULL, 1, NULL, 'Coconut Milk', 4, 213.00, 0.00, 0),
(34, 11, NULL, 1, NULL, 'Coconut Milk', 1, 50.00, 0.00, 0),
(35, 11, NULL, 1, NULL, 'Coconut Milk', 1, 213.00, 0.00, 0),
(36, 12, NULL, 1, NULL, 'Coconut Milk', 1, 50.00, 0.00, 0),
(37, 12, NULL, 1, NULL, 'Coconut Milk', 1, 123.00, 0.00, 0),
(38, 12, NULL, 1, NULL, 'Coconut Milk', 1, 213.00, 0.00, 0),
(39, 13, NULL, 1, NULL, 'Coconut Milk', 5, 50.00, 0.00, 0),
(40, 13, NULL, 1, NULL, 'Coconut Milk', 3, 123.00, 0.00, 0),
(41, 13, NULL, 1, NULL, 'Coconut Milk', 2, 213.00, 0.00, 0),
(42, 14, NULL, 1, NULL, 'Coconut Milk', 3, 50.00, 0.00, 0),
(43, 14, NULL, 1, NULL, 'Coconut Milk', 4, 123.00, 0.00, 0),
(44, 14, NULL, 1, NULL, 'Coconut Milk', 5, 213.00, 0.00, 0),
(45, 15, NULL, 6, NULL, 'American Cheese', 1, 200.00, 0.00, 0),
(46, 16, NULL, 9, NULL, 'Banana', 3, 44.00, 0.00, 0),
(47, 16, NULL, 10, NULL, 'Jackfruit', 3, 480.00, 0.00, 0),
(48, 16, NULL, 11, NULL, 'Lumpia Wrapper', 3, 52.00, 0.00, 0),
(49, 16, NULL, 13, NULL, 'Oil', 6, 150.00, 0.00, 0),
(50, 16, NULL, 12, NULL, 'Sugar', 3, 116.00, 0.00, 0),
(51, 17, NULL, 13, NULL, 'Oil', 4, 100.00, 0.00, 0),
(52, 18, NULL, 9, NULL, 'Banana', 3, 44.00, 0.00, 0),
(53, 18, NULL, 10, NULL, 'Jackfruit', 3, 480.00, 0.00, 0),
(54, 18, NULL, 11, NULL, 'Lumpia Wrapper', 3, 52.00, 0.00, 0),
(55, 18, NULL, 13, NULL, 'Oil', 3, 150.00, 0.00, 0),
(56, 18, NULL, 13, NULL, 'Oil', 3, 100.00, 0.00, 0),
(57, 18, NULL, 12, NULL, 'Sugar', 3, 116.00, 0.00, 0),
(58, 19, NULL, 9, NULL, 'Banana', 3, 44.00, 0.00, 0),
(59, 20, NULL, 12, NULL, 'Sugar', 3, 116.00, 0.00, 0),
(60, 21, NULL, 9, NULL, 'Banana', 3, 44.00, 0.00, 0),
(61, 21, NULL, 10, NULL, 'Jackfruit', 3, 480.00, 0.00, 0),
(62, 21, NULL, 11, NULL, 'Lumpia Wrapper', 3, 52.00, 0.00, 0),
(63, 21, NULL, 13, NULL, 'Oil', 3, 150.00, 0.00, 0),
(64, 21, NULL, 12, NULL, 'Sugar', 3, 116.00, 0.00, 0),
(65, 22, NULL, 9, NULL, 'Banana', 3, 44.00, 0.00, 0),
(66, 23, NULL, 6, NULL, 'American Cheese', 1, 200.00, 0.00, 0);

-- --------------------------------------------------------

--
-- Table structure for table `recipes`
--

CREATE TABLE `recipes` (
  `recipe_id` int(11) NOT NULL,
  `user_id` int(11) NOT NULL,
  `title` varchar(255) NOT NULL,
  `servings` int(11) DEFAULT NULL,
  `prep_time` varchar(50) DEFAULT NULL,
  `cook_time` varchar(50) DEFAULT NULL,
  `notes` text DEFAULT NULL,
  `recipe_image` varchar(255) DEFAULT NULL,
  `created_at` datetime DEFAULT current_timestamp(),
  `updated_at` datetime DEFAULT current_timestamp() ON UPDATE current_timestamp()
) ENGINE=InnoDB DEFAULT CHARSET=utf8mb4 COLLATE=utf8mb4_general_ci;

--
-- Dumping data for table `recipes`
--

INSERT INTO `recipes` (`recipe_id`, `user_id`, `title`, `servings`, `prep_time`, `cook_time`, `notes`, `recipe_image`, `created_at`, `updated_at`) VALUES
(3, 1, 'Turon (Banana Lumpia with Caramel)', 7, '10 minutes', '12 minutes', '', 'uploads/recipes/1750603065_Turon-Recipe.jpg', '2025-06-22 22:37:45', '2025-06-23 01:20:24'),
(4, 1, 'Sapin-Sapin', 8, '20 minutes', '15 minutes', 'Sapin-Sapin is a beloved Filipino rice cake known for its colorful layers and rich, chewy texture. Made from glutinous rice flour, coconut milk, sugar, and flavorings like ube (purple yam) and jackfruit, its a sweet treat thats as beautiful as it is indulgent. A typical serving of sapin-sapin (around 120 grams) contains approximately 280 calories, making it a moderately high-calorie dessert. Most of those calories come from carbohydrates  about 50 grams per serving  primarily from glutinous rice and sugar, including roughly 22 grams of sugars.\r\n\r\nThe dish also provides about 6 grams of fat, with 4 grams being saturated fat, due to the use of coconut milk and latik (coconut curds or topping). Protein content is modest at around 3 grams, and dietary fiber is minimal (about 1 gram), although this can slightly increase depending on how much purple yam or jackfruit is included.\r\n\r\nSodium levels are low (around 30 mg per serving), which is typical of homemade rice cakes that dont rely on processed ingredients. It also contains small amounts of calcium (3%) and iron (5%) of the recommended daily intake.', 'uploads/recipes/1750694973_hq720.jpg', '2025-06-24 00:09:33', '2025-06-24 00:10:20');

-- --------------------------------------------------------

--
-- Table structure for table `recipe_ingredients`
--

CREATE TABLE `recipe_ingredients` (
  `id` int(11) NOT NULL,
  `recipe_id` int(11) NOT NULL,
  `ingredient_name` varchar(255) NOT NULL,
  `ingredient_id` int(11) DEFAULT NULL,
  `quantity_value` decimal(10,2) NOT NULL,
  `unit_type` enum('g','kg','ml','l','pcs','pack','bottle','can') NOT NULL,
  `notes` varchar(255) DEFAULT NULL
) ENGINE=InnoDB DEFAULT CHARSET=utf8mb4 COLLATE=utf8mb4_general_ci;

--
-- Dumping data for table `recipe_ingredients`
--

INSERT INTO `recipe_ingredients` (`id`, `recipe_id`, `ingredient_name`, `ingredient_id`, `quantity_value`, `unit_type`, `notes`) VALUES
(14, 3, 'bananas', NULL, 6.00, 'pcs', NULL),
(15, 3, 'jackfruit', NULL, 150.00, 'g', NULL),
(16, 3, 'Sugar', NULL, 300.00, 'g', NULL),
(17, 3, 'Oil', NULL, 480.00, 'ml', NULL),
(18, 3, 'Lumpia Wrapper', NULL, 6.00, 'pcs', NULL),
(31, 4, 'Glutinous rice flour', NULL, 240.00, 'g', NULL),
(32, 4, 'Coconut milk', NULL, 960.00, 'ml', NULL),
(33, 4, 'Granulated white sugar', NULL, 200.00, 'g', NULL),
(34, 4, 'Condensed milk', NULL, 200.00, 'ml', NULL),
(35, 4, 'jackfruit', NULL, 75.00, 'g', NULL),
(36, 4, 'Mashed purple yam', NULL, 150.00, 'g', NULL),
(37, 4, 'Vanilla extract', NULL, 2.50, 'ml', NULL),
(38, 4, 'Ube extract', NULL, 1.25, 'ml', NULL),
(39, 4, 'Cooking oil', NULL, 15.00, 'ml', NULL),
(40, 4, 'Violet food coloring', NULL, 2.00, 'ml', NULL),
(41, 4, 'Yellow food coloring', NULL, 2.00, 'ml', NULL),
(42, 4, 'Latik', NULL, 50.00, 'g', NULL);

-- --------------------------------------------------------

--
-- Table structure for table `recipe_steps`
--

CREATE TABLE `recipe_steps` (
  `step_id` int(11) NOT NULL,
  `recipe_id` int(11) NOT NULL,
  `step_number` int(11) NOT NULL,
  `instruction` text NOT NULL
) ENGINE=InnoDB DEFAULT CHARSET=utf8mb4 COLLATE=utf8mb4_general_ci;

--
-- Dumping data for table `recipe_steps`
--

INSERT INTO `recipe_steps` (`step_id`, `recipe_id`, `step_number`, `instruction`) VALUES
(19, 3, 1, 'Roll the banana on the sugar plate and ensure that the banana is coated with enough sugar\r\n6 pieces bananas, 1 1/2 cup sugar'),
(20, 3, 2, 'Place the banana with sugar coating on the lumpia wrapper. Add a slice of ripe jackfruit on top.\r\n12 pieces lumpia wrapper, 1 cup jackfruit'),
(21, 3, 3, 'Fold and lock the spring roll wrapper, use water to seal the edge'),
(22, 3, 4, 'In a pan, heat the oil and put-in some sugar.Wait until the brown sugar floats\r\n2 cups cooking oil'),
(23, 3, 5, 'Put-in the wrapped banana and fry until the wrapper turns golden brown and the extra sugar sticks on wrapper'),
(24, 3, 6, 'Serve hot as a dessert or snack. Share and Enjoy!'),
(38, 4, 1, 'In a large mixing bowl, combine glutinous rice flour and sugar. Mix well.'),
(39, 4, 2, 'Pour-in the condensed milk, coconut milk, and vanilla extract. Mix until the texture becomes smooth.'),
(40, 4, 3, 'Divide the mixture into 3 parts.'),
(41, 4, 4, 'Add the mashed purple yam and ube extract on the first part along with the violet food coloring. Stir thoroughly and then set aside.'),
(42, 4, 5, 'Shred the jackfruit (without the seed) in a food processor. Add the processed jackfruit on the second part along with the yellow coloring and then mix well. Set aside. Note: leave the 3rd part as it is.'),
(43, 4, 6, 'Arrange the steamer on your stovetop and pour-in about 1 quart of water. Turn on the heat and let the water boil.'),
(44, 4, 7, 'Grease a round baking pan by brushing cooking oil or coconut oil.'),
(45, 4, 8, 'Pour-in the first part (colored violet) on the greased baking pan. Make sure that the mixture settles. Cover the baking pan with a cheesecloth and then steam for 12 to 16 minutes.'),
(46, 4, 9, 'Remove the baking pan and then pour-in the white mixture. Use a spatula to spread it on top of the violet mixture. Remove excess water from the cheesecloth by squeezing it. Put it back on the baking pan. Steam for another 12 to 16 minutes.'),
(47, 4, 10, 'Remove the baking pan from the steamer and then pour-in the yellow mixture. Spread the mixture over the succeeding one using a spatula. Try to remove the excess water again from the cloth and then put it back on the baking pan. Steam for 15 to 20 minutes. Note: If you think that the mixture is still a bit runny, try to steam for 5 minutes more.'),
(48, 4, 11, 'Arrange a clean banana leaf over a wide serving plate. Brush coconut or cooking oil on the leaf. Use a spatula (brushed with oil) and gently run on the side of the baking pan to prevent the mixture from sticking. Turn the baking pan over the banana leaf and let the cooked sapin-sapin fall.'),
(49, 4, 12, 'Brush oil on top of the sapin-sapin (the violet part should be on top). Sprinkle with latik.'),
(50, 4, 13, 'Serve for dessert. Share and enjoy!');

-- --------------------------------------------------------

--
-- Table structure for table `seller_applications`
--

CREATE TABLE `seller_applications` (
  `seller_id` int(11) NOT NULL,
  `user_id` int(11) NOT NULL,
  `business_name` varchar(100) NOT NULL,
  `description` text DEFAULT NULL,
  `store_address` text DEFAULT NULL,
  `latitude` decimal(10,7) DEFAULT NULL,
  `longitude` decimal(10,7) DEFAULT NULL,
  `full_address` text DEFAULT NULL,
  `business_permit` varchar(255) DEFAULT NULL,
  `health_permit` varchar(255) DEFAULT NULL,
  `application_date` datetime DEFAULT current_timestamp(),
  `status` enum('pending','approved','rejected') DEFAULT 'pending',
  `profile_pics` varchar(255) DEFAULT NULL,
  `reviewed_by` int(11) DEFAULT NULL,
  `reviewed_at` datetime DEFAULT NULL,
  `last_active` datetime DEFAULT NULL,
  `store_status` enum('active','inactive') DEFAULT 'inactive',
  `is_public` tinyint(1) DEFAULT 0,
  `cover_photo` varchar(255) DEFAULT NULL
) ENGINE=InnoDB DEFAULT CHARSET=utf8mb4 COLLATE=utf8mb4_general_ci;

--
-- Dumping data for table `seller_applications`
--

INSERT INTO `seller_applications` (`seller_id`, `user_id`, `business_name`, `description`, `store_address`, `latitude`, `longitude`, `full_address`, `business_permit`, `health_permit`, `application_date`, `status`, `profile_pics`, `reviewed_by`, `reviewed_at`, `last_active`, `store_status`, `is_public`, `cover_photo`) VALUES
(4, 1, 'Aaron\'s kakanin', 'asd', 'Bato-Kilate-Tagurano Road, Purok 9, Bato, Toril District, Davao City, Davao Region, 8000, Philippines', 7.0315146, 125.4782009, 'Bato-Kilate-Tagurano Road, Purok 9, Bato, Toril District, Davao City, Davao Region, 8000, Philippines', 'permit_1748690751_683ae73f22ccb.jpg', 'health_1748690751_683ae73f22fe3.jpg', '2025-05-31 19:25:51', 'approved', 'uploads/seller/profile_1_1748758548.jpg', 3, '2025-06-04 15:22:03', NULL, 'active', 1, 'uploads/seller/cover_1_1748758217.png'),
(5, 3, 'Miki\'s Delicious Kakanin', 'i love you', 'Salsa Village, Crossing Bayabas, Toril District, Davao City, Davao Region, 8025, Philippines', 7.0191200, 125.4927063, 'Salsa Village, Crossing Bayabas, Toril District, Davao City, Davao Region, 8025, Philippines', 'permit_1748790776_683c6df8c2a5d.png', 'health_1748790776_683c6df8c2da7.jpg', '2025-06-01 23:12:56', 'approved', 'uploads/seller/profile_3_1748790960.jpg', 3, '2025-06-25 04:29:52', NULL, 'active', 1, 'uploads/seller/cover_3_1749783757.jpg'),
(6, 4, 'Dollrain', 'Rare ingredient', 'West Poblacion, Tubig-Dacu, Alburquerque, Bohol, Central Visayas, 6302, Philippines', 9.6119884, 123.9585574, 'West Poblacion, Tubig-Dacu, Alburquerque, Bohol, Central Visayas, 6302, Philippines', 'permit_1749739806_684ae91e6d3df.jpg', 'health_1749739806_684ae91e6d725.jpg', '2025-06-12 22:50:06', 'approved', 'uploads/seller/profile_4_1749739885.jpg', 3, '2025-06-12 22:50:38', NULL, 'active', 1, 'uploads/seller/cover_4_1749739893.jpg');

-- --------------------------------------------------------

--
-- Table structure for table `store_visits`
--

CREATE TABLE `store_visits` (
  `visit_id` int(11) NOT NULL,
  `store_type` enum('seller','supplier') NOT NULL,
  `store_id` int(11) NOT NULL,
  `user_id` int(11) DEFAULT NULL,
  `ip_address` varchar(45) DEFAULT NULL,
  `visited_at` datetime DEFAULT current_timestamp()
) ENGINE=InnoDB DEFAULT CHARSET=utf8mb4 COLLATE=utf8mb4_general_ci;

--
-- Dumping data for table `store_visits`
--

INSERT INTO `store_visits` (`visit_id`, `store_type`, `store_id`, `user_id`, `ip_address`, `visited_at`) VALUES
(1, 'supplier', 1, 4, '::1', '2025-06-25 01:33:50'),
(2, 'seller', 4, 4, '::1', '2025-06-25 01:34:05'),
(3, 'seller', 6, 4, '::1', '2025-06-25 01:34:45'),
(4, 'supplier', 1, 4, '::1', '2025-06-25 01:38:13'),
(5, 'supplier', 1, 4, '::1', '2025-06-25 01:38:29'),
(6, 'supplier', 1, 4, '::1', '2025-06-25 01:39:11'),
(7, 'seller', 4, 4, '::1', '2025-06-25 01:43:26'),
(8, 'seller', 4, 4, '::1', '2025-06-25 01:47:08'),
(9, 'seller', 4, 4, '::1', '2025-06-25 01:47:25'),
(10, 'seller', 4, 4, '::1', '2025-06-25 01:48:55'),
(11, 'seller', 4, 4, '::1', '2025-06-25 01:50:28'),
(12, 'seller', 4, 4, '::1', '2025-06-25 01:52:30'),
(13, 'seller', 4, 4, '::1', '2025-06-25 01:52:31'),
(14, 'seller', 4, 4, '::1', '2025-06-25 01:52:41'),
(15, 'seller', 4, 4, '::1', '2025-06-25 01:53:18'),
(16, 'seller', 4, 4, '::1', '2025-06-25 01:53:53'),
(17, 'seller', 4, 4, '::1', '2025-06-25 01:54:30'),
(18, 'seller', 4, 4, '::1', '2025-06-25 01:54:31'),
(19, 'seller', 4, 4, '::1', '2025-06-25 01:54:57'),
(20, 'seller', 4, 4, '::1', '2025-06-25 01:55:06'),
(21, 'seller', 4, 4, '::1', '2025-06-25 01:55:47'),
(22, 'seller', 4, 4, '::1', '2025-06-25 01:56:11'),
(23, 'seller', 4, 4, '::1', '2025-06-25 01:56:39'),
(24, 'supplier', 1, 4, '::1', '2025-06-25 01:58:53'),
(25, 'seller', 4, 4, '::1', '2025-06-25 01:59:40'),
(26, 'seller', 4, 4, '::1', '2025-06-25 01:59:45'),
(27, 'seller', 4, 4, '::1', '2025-06-25 02:02:11'),
(28, 'seller', 4, 4, '::1', '2025-06-25 02:02:16'),
(29, 'seller', 4, 4, '::1', '2025-06-25 02:02:20'),
(30, 'seller', 4, 4, '::1', '2025-06-25 02:02:29'),
(31, 'seller', 4, 4, '::1', '2025-06-25 02:03:42'),
(32, 'seller', 4, 4, '::1', '2025-06-25 02:03:47'),
(33, 'seller', 4, 1, '::1', '2025-06-25 02:09:10'),
(34, 'seller', 4, 1, '::1', '2025-06-25 02:09:23'),
(35, 'supplier', 2, 1, '::1', '2025-06-25 02:11:30'),
(36, 'seller', 4, 1, '::1', '2025-06-25 02:11:42'),
(37, 'seller', 4, 1, '::1', '2025-06-25 02:11:58'),
(38, 'seller', 4, 1, '::1', '2025-06-25 02:12:18'),
(39, 'seller', 4, 1, '::1', '2025-06-25 02:26:03'),
(40, 'seller', 6, 3, '::1', '2025-06-25 02:30:43'),
(41, 'seller', 4, 1, '::1', '2025-06-25 03:14:08'),
(42, 'supplier', 1, 1, '::1', '2025-06-25 03:14:21'),
(43, 'seller', 4, 1, '::1', '2025-06-25 03:31:09'),
(44, 'seller', 4, 4, '::1', '2025-06-25 04:05:21'),
(45, 'seller', 4, 1, '::1', '2025-06-25 04:09:53'),
(46, 'supplier', 1, 1, '::1', '2025-06-25 04:10:10'),
(47, 'supplier', 2, 1, '::1', '2025-06-25 04:10:31'),
(48, 'supplier', 1, 1, '::1', '2025-06-25 04:26:39'),
(49, 'seller', 5, 1, '::1', '2025-06-25 04:27:03'),
(50, 'seller', 5, 1, '::1', '2025-06-25 15:10:18'),
(51, 'seller', 4, 1, '::1', '2025-06-25 15:23:12'),
(52, 'seller', 4, 1, '::1', '2025-06-25 15:23:22'),
(53, 'seller', 4, 1, '::1', '2025-06-25 15:23:28'),
(54, 'seller', 4, 1, '::1', '2025-06-25 15:45:01'),
(55, 'seller', 6, 1, '::1', '2025-06-25 15:47:31'),
(56, 'seller', 4, 1, '::1', '2025-06-25 15:47:37'),
(57, 'seller', 5, 1, '::1', '2025-06-25 15:47:42'),
(58, 'seller', 5, 1, '::1', '2025-06-25 16:15:58'),
(59, 'seller', 4, 1, '::1', '2025-06-25 16:16:13'),
(60, 'seller', 4, 1, '::1', '2025-06-25 16:18:53'),
(61, 'seller', 4, 1, '::1', '2025-06-25 16:19:42'),
(62, 'seller', 4, 1, '::1', '2025-06-25 16:50:05'),
(63, 'seller', 4, 1, '::1', '2025-06-26 15:12:55'),
(64, 'seller', 4, 1, '::1', '2025-06-26 15:17:52'),
(65, 'seller', 5, 1, '::1', '2025-06-27 15:55:07'),
(66, 'seller', 6, 1, '::1', '2025-06-27 15:55:13'),
(67, 'seller', 4, 1, '::1', '2025-06-27 15:55:22'),
(68, 'seller', 6, 6, '::1', '2025-06-27 16:00:31'),
(69, 'supplier', 1, 6, '::1', '2025-06-27 16:00:46'),
(70, 'seller', 4, 1, '::1', '2025-06-28 02:19:09'),
(71, 'supplier', 1, 1, '::1', '2025-06-30 15:37:08'),
(72, 'supplier', 1, 1, '::1', '2025-06-30 15:40:57');

-- --------------------------------------------------------

--
-- Table structure for table `supplier_applications`
--

CREATE TABLE `supplier_applications` (
  `supplier_id` int(11) NOT NULL,
  `user_id` int(11) NOT NULL,
  `business_name` varchar(100) NOT NULL,
  `description` text NOT NULL,
  `store_address` varchar(255) NOT NULL,
  `latitude` decimal(10,7) DEFAULT NULL,
  `longitude` decimal(10,7) DEFAULT NULL,
  `full_address` text DEFAULT NULL,
  `business_license` varchar(255) DEFAULT NULL,
  `application_date` datetime DEFAULT current_timestamp(),
  `status` enum('pending','approved','rejected') DEFAULT 'pending',
  `profile_pics` varchar(255) DEFAULT NULL,
  `reviewed_by` int(11) DEFAULT NULL,
  `reviewed_at` datetime DEFAULT NULL,
  `last_active` datetime DEFAULT NULL,
  `store_status` enum('active','inactive') DEFAULT 'inactive',
  `is_public` tinyint(1) DEFAULT 0,
  `rating` decimal(3,2) DEFAULT 0.00,
  `cover_photo` varchar(255) DEFAULT NULL
) ENGINE=InnoDB DEFAULT CHARSET=utf8mb4 COLLATE=utf8mb4_general_ci;

--
-- Dumping data for table `supplier_applications`
--

INSERT INTO `supplier_applications` (`supplier_id`, `user_id`, `business_name`, `description`, `store_address`, `latitude`, `longitude`, `full_address`, `business_license`, `application_date`, `status`, `profile_pics`, `reviewed_by`, `reviewed_at`, `last_active`, `store_status`, `is_public`, `rating`, `cover_photo`) VALUES
(1, 2, 'Kurumi\'s Palengke', 'asd', 'Tagabawa Homeowners Association, Marapangi, Toril District, Davao City, Davao Region, 8000, Philippines', 7.0188644, 125.4878139, 'Tagabawa Homeowners Association, Marapangi, Toril District, Davao City, Davao Region, 8000, Philippines', 'license_1748698974_683b075e41b7a.png', '2025-05-31 21:42:54', 'approved', 'uploads/supplier/profile_2_1748797143.jpg', 3, '2025-06-01 11:50:35', NULL, 'active', 1, 0.00, 'uploads/supplier/cover_2_1748797059.png'),
(2, 6, 'Cat\'r', 'Rare Ingredients', 'West Poblacion, Tubig-Dacu, Alburquerque, Bohol, Central Visayas, 6302, Philippines', 9.6142902, 123.9590836, 'West Poblacion, Tubig-Dacu, Alburquerque, Bohol, Central Visayas, 6302, Philippines', 'license_1749740290_684aeb026c4af.jpg', '2025-06-12 22:58:10', 'approved', 'uploads/supplier/profile_6_1749740399.jpg', 3, '2025-06-12 22:58:30', NULL, 'active', 1, 0.00, 'uploads/supplier/cover_6_1749740426.jpg');

-- --------------------------------------------------------

--
-- Table structure for table `users`
--

CREATE TABLE `users` (
  `id` int(11) NOT NULL,
  `first_name` varchar(50) NOT NULL,
  `middle_name` varchar(50) DEFAULT NULL,
  `last_name` varchar(50) NOT NULL,
  `date_of_birth` date DEFAULT NULL,
  `contact_number` varchar(15) NOT NULL,
  `country_id` int(11) DEFAULT NULL,
  `postal_code` varchar(20) DEFAULT NULL,
  `streetname` varchar(100) DEFAULT NULL,
  `email` varchar(100) NOT NULL,
  `password` varchar(255) NOT NULL,
  `usertype` enum('user','seller','admin','supplier') DEFAULT 'user',
  `profile_pics` varchar(255) DEFAULT 'path/to/default/profile/pic.jpg',
  `cover_photo` varchar(255) DEFAULT NULL,
  `latitude` decimal(10,7) DEFAULT NULL,
  `longitude` decimal(10,7) DEFAULT NULL,
  `gender` enum('male','female','other') DEFAULT NULL,
  `status` enum('online','offline') DEFAULT 'offline',
  `is_public` tinyint(1) DEFAULT 0,
  `created_at` timestamp NOT NULL DEFAULT current_timestamp(),
  `updated_at` timestamp NOT NULL DEFAULT current_timestamp() ON UPDATE current_timestamp(),
  `full_address` text DEFAULT NULL
) ENGINE=InnoDB DEFAULT CHARSET=utf8mb4 COLLATE=utf8mb4_general_ci;

--
-- Dumping data for table `users`
--

INSERT INTO `users` (`id`, `first_name`, `middle_name`, `last_name`, `date_of_birth`, `contact_number`, `country_id`, `postal_code`, `streetname`, `email`, `password`, `usertype`, `profile_pics`, `cover_photo`, `latitude`, `longitude`, `gender`, `status`, `is_public`, `created_at`, `updated_at`, `full_address`) VALUES
(1, 'aaronyaaa', '', 'jhon', '2025-05-06', '09294999087', NULL, '8000', 'Bayabas-Eden Road, Purok 9', 'aaron@gmail.com', '$2y$10$WwPlm2wTHoSR5xHKV0DVU.80lg9f.ghvuQ2O3tdpbDBGERf8/xVsC', 'seller', 'uploads/profile_pics/profile_1_1748532349.jpg', 'uploads/users/cover/cover_1_1749454267.jpg', 7.0272297, 125.4845438, 'male', 'online', 1, '2025-05-23 06:04:51', '2025-06-25 08:15:00', 'Bayabas-Eden Road, Purok 9, Bato, Toril District, Davao City, Davao Region, 8000, Philippines'),
(2, 'Kurumi', 'L', 'Tokisaki', '2025-05-02', '09294999233', NULL, '8025', 'MacArthur Highway, Salsa Village', 'aa@gmail.com', '$2y$10$yeg8BacZduR3o14Q90B67er68kPftTlZjIGaCtskjW1aO1cz461NC', 'supplier', 'uploads/users/profile/profile_2_1749111714.jpg', 'uploads/users/cover/cover_2_1749111686.jpg', 7.0142131, 125.4900896, 'female', 'online', 1, '2025-05-23 07:19:14', '2025-06-09 07:27:02', 'MacArthur Highway, Salsa Village, Lizada, Toril District, Davao City, Davao Region, 8025, Philippines'),
(3, 'Miki', '', 'Frenchfriieess', '2025-01-16', '09294999087', NULL, '8022', 'Adelfa Street', 'miki@gmail.com', '$2y$10$8X0tfv7wMTSD6bNqFhSOBuEZLF/V6VLvy5HQIX7wfnxqEy67srdFe', 'seller', 'uploads/profile_pics/profile_3_1748790899.jpg', NULL, 7.0946580, 125.4973172, 'female', 'online', 0, '2025-06-01 15:10:13', '2025-06-24 20:29:52', 'Adelfa Street, Purok 1, Santo Nio, Tugbok District, Davao City, Davao Region, 8022, Philippines'),
(4, 'Darlyn', '', 'Dollrain', '0000-00-00', '', NULL, '8000', 'Purok 15', 'doll@gmail.com', '$2y$10$MhKI5eRxo9R2Xq3xs8gGiOWJB/MgV0996O3YyJWB3Jwx5HgyCqxQ.', 'seller', 'uploads/users/profile/profile_4_1749739508.jpg', 'uploads/users/cover/cover_4_1749739515.jpg', 7.0284256, 125.4853401, '', 'online', 0, '2025-06-02 18:54:48', '2025-06-24 18:31:18', 'Purok 15, Bato, Toril District, Davao City, Davao Region, 8000, Philippines'),
(6, 'Catare', NULL, 'Tamago', NULL, '', NULL, NULL, NULL, 'catare@gmail.com', '$2y$10$22XDXPmNspJBVTmvRNGKiefsovR.QtSRxvK9ALwPQQkFNqAeYGLMa', 'supplier', 'uploads/users/profile/profile_6_1749740347.jpg', 'uploads/users/cover/cover_6_1749740353.jpg', NULL, NULL, NULL, 'offline', 0, '2025-06-12 14:55:41', '2025-06-12 14:59:13', NULL),
(12, 'dsa', NULL, 'dsa', NULL, '', NULL, NULL, NULL, 'dsa@gmail.com', '$2y$10$xCZCAkruyrWBT4yyUYws3.WgmOLVK5HWqG99teQ1W3ei0opL5XcK2', 'user', 'path/to/default/profile/pic.jpg', NULL, NULL, NULL, NULL, 'offline', 0, '2025-06-16 11:54:17', '2025-06-16 11:54:17', NULL),
(13, '213', NULL, '123', NULL, '', NULL, NULL, NULL, '123@gmail.com', '$2y$10$BbsAhmyyPQBdCSWtRCYuzugKZVpxsYDCXmCdVEJCkFXlujB0xaEFi', 'user', 'path/to/default/profile/pic.jpg', NULL, NULL, NULL, NULL, 'offline', 0, '2025-06-16 11:54:41', '2025-06-16 11:54:41', NULL),
(15, 'kurumi', NULL, 'L', NULL, '', NULL, NULL, NULL, '2@gmail.com', '$2y$10$odjdWXENZ6m8qh0nFMN18.ZDNJQ0/iNlMjxO/LOib7o8pmJCH4we6', 'user', 'path/to/default/profile/pic.jpg', NULL, NULL, NULL, NULL, 'offline', 0, '2025-06-16 11:56:23', '2025-06-16 11:56:23', NULL),
(17, 'asd', NULL, 'asd', NULL, '', NULL, NULL, NULL, 'ads@gmail.com', '$2y$10$2iV.MMUW5VXZDRelmbh4DeWloLqm6ygatY034joTMz7TJeqgCjFeK', 'user', 'path/to/default/profile/pic.jpg', NULL, NULL, NULL, NULL, 'offline', 0, '2025-06-16 11:59:58', '2025-06-16 11:59:58', NULL),
(18, 's', '', 's', '0000-00-00', '', NULL, '8025', 'De Guzman Street, Purok 20', 's@gmail.com', '$2y$10$gKwXboyGQEHeDA.03FjfY.jlES6l9c./g1rYRnL2dfFRECttQcD/.', 'user', 'uploads/users/profile/profile_18_1750075405.jpg', 'uploads/users/cover/cover_18_1750075497.jpg', 7.0171606, 125.4995138, '', 'offline', 0, '2025-06-16 12:01:30', '2025-06-16 12:04:57', 'De Guzman Street, Purok 20, Crossing Bayabas, Toril District, Davao City, Davao Region, 8025, Philippines'),
(19, 'Alliyah', NULL, 'Raen', NULL, '', NULL, NULL, NULL, 'all@gmail.com', '$2y$10$gOLoz8bAIoxu0N.BrBvI3OgYFN5MAFlizaBXMmBARotw.b50eahE2', 'user', 'uploads/users/profile/profile_19_1750387862.jpg', 'uploads/users/cover/cover_19_1750387871.jpg', NULL, NULL, NULL, 'offline', 0, '2025-06-20 02:50:15', '2025-06-20 02:51:11', NULL);

--
-- Indexes for dumped tables
--

--
-- Indexes for table `admins`
--
ALTER TABLE `admins`
  ADD PRIMARY KEY (`id`),
  ADD UNIQUE KEY `username` (`username`);

--
-- Indexes for table `campaign_clicks`
--
ALTER TABLE `campaign_clicks`
  ADD PRIMARY KEY (`click_id`),
  ADD KEY `campaign_id` (`campaign_id`),
  ADD KEY `user_id` (`user_id`);

--
-- Indexes for table `campaign_reach`
--
ALTER TABLE `campaign_reach`
  ADD PRIMARY KEY (`reach_id`),
  ADD UNIQUE KEY `unique_reach` (`campaign_id`,`user_id`,`view_date`),
  ADD KEY `user_id` (`user_id`);

--
-- Indexes for table `campaign_requests`
--
ALTER TABLE `campaign_requests`
  ADD PRIMARY KEY (`campaign_id`),
  ADD KEY `user_id` (`user_id`);

--
-- Indexes for table `cart`
--
ALTER TABLE `cart`
  ADD PRIMARY KEY (`cart_id`),
  ADD KEY `fk_cart_user` (`user_id`),
  ADD KEY `fk_cart_product` (`product_id`),
  ADD KEY `fk_cart_ingredient` (`ingredient_id`),
  ADD KEY `fk_cart_variant` (`variant_id`);

--
-- Indexes for table `categories`
--
ALTER TABLE `categories`
  ADD PRIMARY KEY (`category_id`),
  ADD UNIQUE KEY `unique_supplier_slug` (`supplier_id`,`slug`),
  ADD KEY `fk_seller_category` (`seller_id`);

--
-- Indexes for table `cooking_history`
--
ALTER TABLE `cooking_history`
  ADD PRIMARY KEY (`history_id`),
  ADD KEY `product_id` (`product_id`),
  ADD KEY `user_id` (`user_id`);

--
-- Indexes for table `cooking_history_ingredients`
--
ALTER TABLE `cooking_history_ingredients`
  ADD PRIMARY KEY (`id`),
  ADD KEY `history_id` (`history_id`);

--
-- Indexes for table `ingredients`
--
ALTER TABLE `ingredients`
  ADD PRIMARY KEY (`ingredient_id`),
  ADD UNIQUE KEY `slug` (`slug`),
  ADD KEY `supplier_id` (`supplier_id`),
  ADD KEY `category_id` (`category_id`);

--
-- Indexes for table `ingredients_inventory`
--
ALTER TABLE `ingredients_inventory`
  ADD PRIMARY KEY (`inventory_id`);

--
-- Indexes for table `ingredient_variants`
--
ALTER TABLE `ingredient_variants`
  ADD PRIMARY KEY (`variant_id`),
  ADD KEY `ingredient_id` (`ingredient_id`),
  ADD KEY `supplier_id` (`supplier_id`);

--
-- Indexes for table `kakanin_dataset`
--
ALTER TABLE `kakanin_dataset`
  ADD PRIMARY KEY (`id`);

--
-- Indexes for table `kakanin_ingredients`
--
ALTER TABLE `kakanin_ingredients`
  ADD PRIMARY KEY (`id`),
  ADD KEY `recipe_id` (`recipe_id`);

--
-- Indexes for table `kitchen_inventory`
--
ALTER TABLE `kitchen_inventory`
  ADD PRIMARY KEY (`kitchen_inventory_id`);

--
-- Indexes for table `messages`
--
ALTER TABLE `messages`
  ADD PRIMARY KEY (`message_id`),
  ADD KEY `sender_id` (`sender_id`),
  ADD KEY `receiver_id` (`receiver_id`),
  ADD KEY `reply_to` (`reply_to`);

--
-- Indexes for table `notifications`
--
ALTER TABLE `notifications`
  ADD PRIMARY KEY (`notification_id`),
  ADD KEY `notifications_ibfk_1` (`sender_id`),
  ADD KEY `notifications_ibfk_2` (`receiver_id`);

--
-- Indexes for table `orders`
--
ALTER TABLE `orders`
  ADD PRIMARY KEY (`order_id`),
  ADD KEY `user_id` (`user_id`),
  ADD KEY `supplier_id` (`supplier_id`),
  ADD KEY `seller_id` (`seller_id`);

--
-- Indexes for table `order_items`
--
ALTER TABLE `order_items`
  ADD PRIMARY KEY (`order_item_id`),
  ADD KEY `order_id` (`order_id`),
  ADD KEY `ingredient_id` (`ingredient_id`),
  ADD KEY `variant_id` (`variant_id`);

--
-- Indexes for table `posts`
--
ALTER TABLE `posts`
  ADD PRIMARY KEY (`id`),
  ADD KEY `fk_posts_user` (`user_id`);

--
-- Indexes for table `post_comments`
--
ALTER TABLE `post_comments`
  ADD PRIMARY KEY (`id`),
  ADD KEY `fk_comments_post` (`post_id`),
  ADD KEY `fk_comments_user` (`user_id`),
  ADD KEY `fk_comments_parent` (`parent_comment_id`);

--
-- Indexes for table `post_media`
--
ALTER TABLE `post_media`
  ADD PRIMARY KEY (`id`),
  ADD KEY `fk_postmedia_post` (`post_id`);

--
-- Indexes for table `post_reactions`
--
ALTER TABLE `post_reactions`
  ADD PRIMARY KEY (`id`),
  ADD UNIQUE KEY `post_id` (`post_id`,`user_id`),
  ADD KEY `fk_reactions_user` (`user_id`);

--
-- Indexes for table `post_shares`
--
ALTER TABLE `post_shares`
  ADD PRIMARY KEY (`id`),
  ADD KEY `fk_shares_post` (`post_id`),
  ADD KEY `fk_shares_user` (`shared_by_user_id`);

--
-- Indexes for table `post_tags`
--
ALTER TABLE `post_tags`
  ADD PRIMARY KEY (`id`),
  ADD UNIQUE KEY `post_id` (`post_id`,`tagged_user_id`),
  ADD KEY `fk_posttags_user` (`tagged_user_id`);

--
-- Indexes for table `pre_order_list`
--
ALTER TABLE `pre_order_list`
  ADD PRIMARY KEY (`pre_order_id`),
  ADD KEY `user_id` (`user_id`),
  ADD KEY `seller_id` (`seller_id`);

--
-- Indexes for table `products`
--
ALTER TABLE `products`
  ADD PRIMARY KEY (`product_id`),
  ADD KEY `fk_products_ingredient` (`ingredient_id`),
  ADD KEY `fk_products_seller` (`seller_id`),
  ADD KEY `fk_products_category` (`category_id`);

--
-- Indexes for table `product_inventory`
--
ALTER TABLE `product_inventory`
  ADD PRIMARY KEY (`inventory_id`),
  ADD KEY `product_id` (`product_id`),
  ADD KEY `seller_id` (`seller_id`),
  ADD KEY `order_id` (`order_id`);

--
-- Indexes for table `receipts`
--
ALTER TABLE `receipts`
  ADD PRIMARY KEY (`receipt_id`),
  ADD KEY `order_id` (`order_id`),
  ADD KEY `user_id` (`user_id`),
  ADD KEY `seller_id` (`seller_id`),
  ADD KEY `supplier_id` (`supplier_id`);

--
-- Indexes for table `receipt_item`
--
ALTER TABLE `receipt_item`
  ADD PRIMARY KEY (`receipt_item_id`),
  ADD KEY `receipt_id` (`receipt_id`),
  ADD KEY `product_id` (`product_id`),
  ADD KEY `ingredient_id` (`ingredient_id`),
  ADD KEY `variant_id` (`variant_id`);

--
-- Indexes for table `recipes`
--
ALTER TABLE `recipes`
  ADD PRIMARY KEY (`recipe_id`),
  ADD KEY `user_id` (`user_id`);

--
-- Indexes for table `recipe_ingredients`
--
ALTER TABLE `recipe_ingredients`
  ADD PRIMARY KEY (`id`),
  ADD KEY `recipe_id` (`recipe_id`),
  ADD KEY `ingredient_id` (`ingredient_id`);

--
-- Indexes for table `recipe_steps`
--
ALTER TABLE `recipe_steps`
  ADD PRIMARY KEY (`step_id`),
  ADD KEY `recipe_id` (`recipe_id`);

--
-- Indexes for table `seller_applications`
--
ALTER TABLE `seller_applications`
  ADD PRIMARY KEY (`seller_id`),
  ADD KEY `user_id` (`user_id`);

--
-- Indexes for table `store_visits`
--
ALTER TABLE `store_visits`
  ADD PRIMARY KEY (`visit_id`),
  ADD KEY `store_type` (`store_type`,`store_id`),
  ADD KEY `user_id` (`user_id`);

--
-- Indexes for table `supplier_applications`
--
ALTER TABLE `supplier_applications`
  ADD PRIMARY KEY (`supplier_id`),
  ADD KEY `user_id` (`user_id`);

--
-- Indexes for table `users`
--
ALTER TABLE `users`
  ADD PRIMARY KEY (`id`),
  ADD UNIQUE KEY `email` (`email`),
  ADD KEY `country_id` (`country_id`);

--
-- AUTO_INCREMENT for dumped tables
--

--
-- AUTO_INCREMENT for table `admins`
--
ALTER TABLE `admins`
  MODIFY `id` int(11) NOT NULL AUTO_INCREMENT, AUTO_INCREMENT=4;

--
-- AUTO_INCREMENT for table `campaign_clicks`
--
ALTER TABLE `campaign_clicks`
  MODIFY `click_id` int(11) NOT NULL AUTO_INCREMENT, AUTO_INCREMENT=22;

--
-- AUTO_INCREMENT for table `campaign_reach`
--
ALTER TABLE `campaign_reach`
  MODIFY `reach_id` int(11) NOT NULL AUTO_INCREMENT, AUTO_INCREMENT=811;

--
-- AUTO_INCREMENT for table `campaign_requests`
--
ALTER TABLE `campaign_requests`
  MODIFY `campaign_id` int(11) NOT NULL AUTO_INCREMENT, AUTO_INCREMENT=8;

--
-- AUTO_INCREMENT for table `cart`
--
ALTER TABLE `cart`
  MODIFY `cart_id` int(11) NOT NULL AUTO_INCREMENT, AUTO_INCREMENT=111;

--
-- AUTO_INCREMENT for table `categories`
--
ALTER TABLE `categories`
  MODIFY `category_id` int(11) NOT NULL AUTO_INCREMENT, AUTO_INCREMENT=47;

--
-- AUTO_INCREMENT for table `cooking_history`
--
ALTER TABLE `cooking_history`
  MODIFY `history_id` int(11) NOT NULL AUTO_INCREMENT, AUTO_INCREMENT=40;

--
-- AUTO_INCREMENT for table `cooking_history_ingredients`
--
ALTER TABLE `cooking_history_ingredients`
  MODIFY `id` int(11) NOT NULL AUTO_INCREMENT, AUTO_INCREMENT=27;

--
-- AUTO_INCREMENT for table `ingredients`
--
ALTER TABLE `ingredients`
  MODIFY `ingredient_id` int(11) NOT NULL AUTO_INCREMENT, AUTO_INCREMENT=15;

--
-- AUTO_INCREMENT for table `ingredients_inventory`
--
ALTER TABLE `ingredients_inventory`
  MODIFY `inventory_id` int(11) NOT NULL AUTO_INCREMENT, AUTO_INCREMENT=60;

--
-- AUTO_INCREMENT for table `ingredient_variants`
--
ALTER TABLE `ingredient_variants`
  MODIFY `variant_id` int(11) NOT NULL AUTO_INCREMENT, AUTO_INCREMENT=4;

--
-- AUTO_INCREMENT for table `kakanin_dataset`
--
ALTER TABLE `kakanin_dataset`
  MODIFY `id` int(11) NOT NULL AUTO_INCREMENT, AUTO_INCREMENT=11;

--
-- AUTO_INCREMENT for table `kakanin_ingredients`
--
ALTER TABLE `kakanin_ingredients`
  MODIFY `id` int(11) NOT NULL AUTO_INCREMENT, AUTO_INCREMENT=50;

--
-- AUTO_INCREMENT for table `kitchen_inventory`
--
ALTER TABLE `kitchen_inventory`
  MODIFY `kitchen_inventory_id` int(11) NOT NULL AUTO_INCREMENT, AUTO_INCREMENT=73;

--
-- AUTO_INCREMENT for table `messages`
--
ALTER TABLE `messages`
  MODIFY `message_id` int(11) NOT NULL AUTO_INCREMENT, AUTO_INCREMENT=184;

--
-- AUTO_INCREMENT for table `notifications`
--
ALTER TABLE `notifications`
  MODIFY `notification_id` int(11) NOT NULL AUTO_INCREMENT, AUTO_INCREMENT=7;

--
-- AUTO_INCREMENT for table `orders`
--
ALTER TABLE `orders`
  MODIFY `order_id` int(11) NOT NULL AUTO_INCREMENT, AUTO_INCREMENT=35;

--
-- AUTO_INCREMENT for table `order_items`
--
ALTER TABLE `order_items`
  MODIFY `order_item_id` int(11) NOT NULL AUTO_INCREMENT, AUTO_INCREMENT=86;

--
-- AUTO_INCREMENT for table `posts`
--
ALTER TABLE `posts`
  MODIFY `id` int(11) NOT NULL AUTO_INCREMENT, AUTO_INCREMENT=44;

--
-- AUTO_INCREMENT for table `post_comments`
--
ALTER TABLE `post_comments`
  MODIFY `id` int(11) NOT NULL AUTO_INCREMENT, AUTO_INCREMENT=28;

--
-- AUTO_INCREMENT for table `post_media`
--
ALTER TABLE `post_media`
  MODIFY `id` int(11) NOT NULL AUTO_INCREMENT, AUTO_INCREMENT=10;

--
-- AUTO_INCREMENT for table `post_reactions`
--
ALTER TABLE `post_reactions`
  MODIFY `id` int(11) NOT NULL AUTO_INCREMENT, AUTO_INCREMENT=38;

--
-- AUTO_INCREMENT for table `post_shares`
--
ALTER TABLE `post_shares`
  MODIFY `id` int(11) NOT NULL AUTO_INCREMENT;

--
-- AUTO_INCREMENT for table `post_tags`
--
ALTER TABLE `post_tags`
  MODIFY `id` int(11) NOT NULL AUTO_INCREMENT;

--
-- AUTO_INCREMENT for table `pre_order_list`
--
ALTER TABLE `pre_order_list`
  MODIFY `pre_order_id` int(11) NOT NULL AUTO_INCREMENT, AUTO_INCREMENT=17;

--
-- AUTO_INCREMENT for table `products`
--
ALTER TABLE `products`
  MODIFY `product_id` int(11) NOT NULL AUTO_INCREMENT, AUTO_INCREMENT=44;

--
-- AUTO_INCREMENT for table `product_inventory`
--
ALTER TABLE `product_inventory`
  MODIFY `inventory_id` int(11) NOT NULL AUTO_INCREMENT, AUTO_INCREMENT=18;

--
-- AUTO_INCREMENT for table `receipts`
--
ALTER TABLE `receipts`
  MODIFY `receipt_id` int(11) NOT NULL AUTO_INCREMENT, AUTO_INCREMENT=24;

--
-- AUTO_INCREMENT for table `receipt_item`
--
ALTER TABLE `receipt_item`
  MODIFY `receipt_item_id` int(11) NOT NULL AUTO_INCREMENT, AUTO_INCREMENT=67;

--
-- AUTO_INCREMENT for table `recipes`
--
ALTER TABLE `recipes`
  MODIFY `recipe_id` int(11) NOT NULL AUTO_INCREMENT, AUTO_INCREMENT=5;

--
-- AUTO_INCREMENT for table `recipe_ingredients`
--
ALTER TABLE `recipe_ingredients`
  MODIFY `id` int(11) NOT NULL AUTO_INCREMENT, AUTO_INCREMENT=43;

--
-- AUTO_INCREMENT for table `recipe_steps`
--
ALTER TABLE `recipe_steps`
  MODIFY `step_id` int(11) NOT NULL AUTO_INCREMENT, AUTO_INCREMENT=51;

--
-- AUTO_INCREMENT for table `seller_applications`
--
ALTER TABLE `seller_applications`
  MODIFY `seller_id` int(11) NOT NULL AUTO_INCREMENT, AUTO_INCREMENT=7;

--
-- AUTO_INCREMENT for table `store_visits`
--
ALTER TABLE `store_visits`
  MODIFY `visit_id` int(11) NOT NULL AUTO_INCREMENT, AUTO_INCREMENT=73;

--
-- AUTO_INCREMENT for table `supplier_applications`
--
ALTER TABLE `supplier_applications`
  MODIFY `supplier_id` int(11) NOT NULL AUTO_INCREMENT, AUTO_INCREMENT=3;

--
-- AUTO_INCREMENT for table `users`
--
ALTER TABLE `users`
  MODIFY `id` int(11) NOT NULL AUTO_INCREMENT, AUTO_INCREMENT=20;

--
-- Constraints for dumped tables
--

--
-- Constraints for table `campaign_clicks`
--
ALTER TABLE `campaign_clicks`
  ADD CONSTRAINT `campaign_clicks_ibfk_1` FOREIGN KEY (`campaign_id`) REFERENCES `campaign_requests` (`campaign_id`) ON DELETE CASCADE,
  ADD CONSTRAINT `campaign_clicks_ibfk_2` FOREIGN KEY (`user_id`) REFERENCES `users` (`id`) ON DELETE CASCADE;

--
-- Constraints for table `campaign_reach`
--
ALTER TABLE `campaign_reach`
  ADD CONSTRAINT `campaign_reach_ibfk_1` FOREIGN KEY (`campaign_id`) REFERENCES `campaign_requests` (`campaign_id`) ON DELETE CASCADE,
  ADD CONSTRAINT `campaign_reach_ibfk_2` FOREIGN KEY (`user_id`) REFERENCES `users` (`id`) ON DELETE SET NULL;

--
-- Constraints for table `campaign_requests`
--
ALTER TABLE `campaign_requests`
  ADD CONSTRAINT `campaign_requests_ibfk_1` FOREIGN KEY (`user_id`) REFERENCES `users` (`id`) ON DELETE CASCADE;

--
-- Constraints for table `cart`
--
ALTER TABLE `cart`
  ADD CONSTRAINT `fk_cart_ingredient` FOREIGN KEY (`ingredient_id`) REFERENCES `ingredients` (`ingredient_id`) ON DELETE SET NULL,
  ADD CONSTRAINT `fk_cart_product` FOREIGN KEY (`product_id`) REFERENCES `products` (`product_id`) ON DELETE SET NULL,
  ADD CONSTRAINT `fk_cart_user` FOREIGN KEY (`user_id`) REFERENCES `users` (`id`) ON DELETE CASCADE,
  ADD CONSTRAINT `fk_cart_variant` FOREIGN KEY (`variant_id`) REFERENCES `ingredient_variants` (`variant_id`) ON DELETE SET NULL;

--
-- Constraints for table `categories`
--
ALTER TABLE `categories`
  ADD CONSTRAINT `fk_seller_category` FOREIGN KEY (`seller_id`) REFERENCES `seller_applications` (`seller_id`) ON DELETE SET NULL ON UPDATE CASCADE,
  ADD CONSTRAINT `fk_supplier_category` FOREIGN KEY (`supplier_id`) REFERENCES `supplier_applications` (`supplier_id`) ON DELETE SET NULL ON UPDATE CASCADE;

--
-- Constraints for table `cooking_history`
--
ALTER TABLE `cooking_history`
  ADD CONSTRAINT `cooking_history_ibfk_1` FOREIGN KEY (`product_id`) REFERENCES `products` (`product_id`) ON DELETE CASCADE,
  ADD CONSTRAINT `cooking_history_ibfk_2` FOREIGN KEY (`user_id`) REFERENCES `seller_applications` (`user_id`) ON DELETE CASCADE;

--
-- Constraints for table `cooking_history_ingredients`
--
ALTER TABLE `cooking_history_ingredients`
  ADD CONSTRAINT `cooking_history_ingredients_ibfk_1` FOREIGN KEY (`history_id`) REFERENCES `cooking_history` (`history_id`) ON DELETE CASCADE;

--
-- Constraints for table `ingredients`
--
ALTER TABLE `ingredients`
  ADD CONSTRAINT `ingredients_ibfk_1` FOREIGN KEY (`supplier_id`) REFERENCES `supplier_applications` (`supplier_id`) ON DELETE CASCADE,
  ADD CONSTRAINT `ingredients_ibfk_2` FOREIGN KEY (`category_id`) REFERENCES `categories` (`category_id`) ON DELETE SET NULL;

--
-- Constraints for table `ingredient_variants`
--
ALTER TABLE `ingredient_variants`
  ADD CONSTRAINT `ingredient_variants_ibfk_1` FOREIGN KEY (`ingredient_id`) REFERENCES `ingredients` (`ingredient_id`) ON DELETE CASCADE,
  ADD CONSTRAINT `ingredient_variants_ibfk_2` FOREIGN KEY (`supplier_id`) REFERENCES `supplier_applications` (`supplier_id`) ON DELETE CASCADE;

--
-- Constraints for table `kakanin_ingredients`
--
ALTER TABLE `kakanin_ingredients`
  ADD CONSTRAINT `kakanin_ingredients_ibfk_1` FOREIGN KEY (`recipe_id`) REFERENCES `kakanin_dataset` (`id`) ON DELETE CASCADE;

--
-- Constraints for table `messages`
--
ALTER TABLE `messages`
  ADD CONSTRAINT `messages_ibfk_1` FOREIGN KEY (`sender_id`) REFERENCES `users` (`id`) ON DELETE CASCADE,
  ADD CONSTRAINT `messages_ibfk_2` FOREIGN KEY (`receiver_id`) REFERENCES `users` (`id`) ON DELETE CASCADE,
  ADD CONSTRAINT `messages_ibfk_3` FOREIGN KEY (`reply_to`) REFERENCES `messages` (`message_id`) ON DELETE SET NULL;

--
-- Constraints for table `notifications`
--
ALTER TABLE `notifications`
  ADD CONSTRAINT `notifications_ibfk_1` FOREIGN KEY (`sender_id`) REFERENCES `users` (`id`) ON DELETE CASCADE,
  ADD CONSTRAINT `notifications_ibfk_2` FOREIGN KEY (`receiver_id`) REFERENCES `users` (`id`) ON DELETE CASCADE;

--
-- Constraints for table `orders`
--
ALTER TABLE `orders`
  ADD CONSTRAINT `orders_ibfk_1` FOREIGN KEY (`user_id`) REFERENCES `users` (`id`),
  ADD CONSTRAINT `orders_ibfk_2` FOREIGN KEY (`supplier_id`) REFERENCES `supplier_applications` (`supplier_id`),
  ADD CONSTRAINT `orders_ibfk_3` FOREIGN KEY (`seller_id`) REFERENCES `seller_applications` (`seller_id`);

--
-- Constraints for table `order_items`
--
ALTER TABLE `order_items`
  ADD CONSTRAINT `order_items_ibfk_1` FOREIGN KEY (`order_id`) REFERENCES `orders` (`order_id`) ON DELETE CASCADE,
  ADD CONSTRAINT `order_items_ibfk_2` FOREIGN KEY (`ingredient_id`) REFERENCES `ingredients` (`ingredient_id`) ON DELETE SET NULL,
  ADD CONSTRAINT `order_items_ibfk_3` FOREIGN KEY (`variant_id`) REFERENCES `ingredient_variants` (`variant_id`) ON DELETE SET NULL;

--
-- Constraints for table `posts`
--
ALTER TABLE `posts`
  ADD CONSTRAINT `fk_posts_user` FOREIGN KEY (`user_id`) REFERENCES `users` (`id`) ON DELETE CASCADE;

--
-- Constraints for table `post_comments`
--
ALTER TABLE `post_comments`
  ADD CONSTRAINT `fk_comments_parent` FOREIGN KEY (`parent_comment_id`) REFERENCES `post_comments` (`id`) ON DELETE CASCADE,
  ADD CONSTRAINT `fk_comments_post` FOREIGN KEY (`post_id`) REFERENCES `posts` (`id`) ON DELETE CASCADE,
  ADD CONSTRAINT `fk_comments_user` FOREIGN KEY (`user_id`) REFERENCES `users` (`id`) ON DELETE CASCADE;

--
-- Constraints for table `post_media`
--
ALTER TABLE `post_media`
  ADD CONSTRAINT `fk_postmedia_post` FOREIGN KEY (`post_id`) REFERENCES `posts` (`id`) ON DELETE CASCADE;

--
-- Constraints for table `post_reactions`
--
ALTER TABLE `post_reactions`
  ADD CONSTRAINT `fk_reactions_post` FOREIGN KEY (`post_id`) REFERENCES `posts` (`id`) ON DELETE CASCADE,
  ADD CONSTRAINT `fk_reactions_user` FOREIGN KEY (`user_id`) REFERENCES `users` (`id`) ON DELETE CASCADE;

--
-- Constraints for table `post_shares`
--
ALTER TABLE `post_shares`
  ADD CONSTRAINT `fk_shares_post` FOREIGN KEY (`post_id`) REFERENCES `posts` (`id`) ON DELETE CASCADE,
  ADD CONSTRAINT `fk_shares_user` FOREIGN KEY (`shared_by_user_id`) REFERENCES `users` (`id`) ON DELETE CASCADE;

--
-- Constraints for table `post_tags`
--
ALTER TABLE `post_tags`
  ADD CONSTRAINT `fk_posttags_post` FOREIGN KEY (`post_id`) REFERENCES `posts` (`id`) ON DELETE CASCADE,
  ADD CONSTRAINT `fk_posttags_user` FOREIGN KEY (`tagged_user_id`) REFERENCES `users` (`id`) ON DELETE CASCADE;

--
-- Constraints for table `pre_order_list`
--
ALTER TABLE `pre_order_list`
  ADD CONSTRAINT `pre_order_list_ibfk_1` FOREIGN KEY (`user_id`) REFERENCES `users` (`id`),
  ADD CONSTRAINT `pre_order_list_ibfk_2` FOREIGN KEY (`seller_id`) REFERENCES `seller_applications` (`seller_id`);

--
-- Constraints for table `products`
--
ALTER TABLE `products`
  ADD CONSTRAINT `fk_products_category` FOREIGN KEY (`category_id`) REFERENCES `categories` (`category_id`) ON DELETE SET NULL,
  ADD CONSTRAINT `fk_products_ingredient` FOREIGN KEY (`ingredient_id`) REFERENCES `ingredients` (`ingredient_id`) ON DELETE CASCADE,
  ADD CONSTRAINT `fk_products_seller` FOREIGN KEY (`seller_id`) REFERENCES `seller_applications` (`seller_id`) ON DELETE CASCADE;

--
-- Constraints for table `product_inventory`
--
ALTER TABLE `product_inventory`
  ADD CONSTRAINT `product_inventory_ibfk_1` FOREIGN KEY (`product_id`) REFERENCES `products` (`product_id`) ON DELETE CASCADE,
  ADD CONSTRAINT `product_inventory_ibfk_2` FOREIGN KEY (`seller_id`) REFERENCES `seller_applications` (`seller_id`) ON DELETE CASCADE,
  ADD CONSTRAINT `product_inventory_ibfk_3` FOREIGN KEY (`order_id`) REFERENCES `pre_order_list` (`pre_order_id`) ON DELETE SET NULL;

--
-- Constraints for table `receipts`
--
ALTER TABLE `receipts`
  ADD CONSTRAINT `fk_receipts_orders` FOREIGN KEY (`order_id`) REFERENCES `orders` (`order_id`) ON DELETE CASCADE,
  ADD CONSTRAINT `fk_receipts_users` FOREIGN KEY (`user_id`) REFERENCES `users` (`id`) ON DELETE CASCADE;

--
-- Constraints for table `receipt_item`
--
ALTER TABLE `receipt_item`
  ADD CONSTRAINT `fk_receipt_item_receipts` FOREIGN KEY (`receipt_id`) REFERENCES `receipts` (`receipt_id`) ON DELETE CASCADE;

--
-- Constraints for table `recipes`
--
ALTER TABLE `recipes`
  ADD CONSTRAINT `recipes_ibfk_1` FOREIGN KEY (`user_id`) REFERENCES `users` (`id`) ON DELETE CASCADE;

--
-- Constraints for table `recipe_ingredients`
--
ALTER TABLE `recipe_ingredients`
  ADD CONSTRAINT `recipe_ingredients_ibfk_1` FOREIGN KEY (`recipe_id`) REFERENCES `recipes` (`recipe_id`) ON DELETE CASCADE;

--
-- Constraints for table `recipe_steps`
--
ALTER TABLE `recipe_steps`
  ADD CONSTRAINT `recipe_steps_ibfk_1` FOREIGN KEY (`recipe_id`) REFERENCES `recipes` (`recipe_id`) ON DELETE CASCADE;

--
-- Constraints for table `seller_applications`
--
ALTER TABLE `seller_applications`
  ADD CONSTRAINT `seller_applications_ibfk_1` FOREIGN KEY (`user_id`) REFERENCES `users` (`id`);

--
-- Constraints for table `supplier_applications`
--
ALTER TABLE `supplier_applications`
  ADD CONSTRAINT `supplier_applications_ibfk_1` FOREIGN KEY (`user_id`) REFERENCES `users` (`id`);
COMMIT;

/*!40101 SET CHARACTER_SET_CLIENT=@OLD_CHARACTER_SET_CLIENT */;
/*!40101 SET CHARACTER_SET_RESULTS=@OLD_CHARACTER_SET_RESULTS */;
/*!40101 SET COLLATION_CONNECTION=@OLD_COLLATION_CONNECTION */;
